seg_id,time_to_failure
seg_ea9d37,3.243121862411499
seg_211486,9.766146765814888
seg_bdae02,9.88363626268175
seg_23f823,3.0421960618760853
seg_72b68c,12.219128926595053
seg_c5fc87,5.822245173984104
seg_6c34c2,4.193194654252794
seg_546864,9.351006189982096
seg_bcfad6,5.747806390126546
seg_7bec10,11.054740799797905
seg_287e60,3.593016995324029
seg_be0dfa,6.720693588256836
seg_f229bf,6.179028034210205
seg_750d20,6.256825023227268
seg_e20d76,4.256671773062812
seg_ab001b,3.358468347125583
seg_29d497,6.842667579650879
seg_08b136,7.595183213551839
seg_e29670,5.050264941321479
seg_ee4ae5,3.200524992412991
seg_b197e2,3.6008472442626953
seg_5f7fd9,5.93675422668457
seg_850d95,3.795801295174493
seg_eb32bc,2.3231904771592884
seg_2ece02,4.785332626766628
seg_69dbad,6.966963662041558
seg_3f2086,9.108145078023275
seg_35dd45,10.75247891743978
seg_9d6ff0,5.554421742757161
seg_88b289,10.623953607347277
seg_b36650,2.8719658851623535
seg_a6959c,6.43221558464898
seg_cacd58,4.874997827741835
seg_1ece48,3.981781482696533
seg_fa796b,5.2896680566999645
seg_ab70bd,8.215146488613552
seg_5e70a7,8.420859071943495
seg_ba4ea3,9.029656887054443
seg_be19e2,7.6651452912224665
seg_7eb108,11.102590878804525
seg_29e799,6.123760064442952
seg_bf7224,3.812816063563029
seg_89e207,5.496394687228733
seg_81a8ea,10.418500158521864
seg_dd8805,7.280813111199273
seg_29022f,4.112559424506293
seg_77f9e3,2.001190768347846
seg_d1eee8,10.409416728549534
seg_e051bc,4.635645654466417
seg_79dc90,8.8321148024665
seg_57b6c0,5.6748133765326605
seg_cbfb19,7.923590448167589
seg_d30a9d,2.5747945308685303
seg_c0260d,7.794845210181342
seg_7480f4,9.330848111046684
seg_efd9ec,10.477522002326118
seg_76c2fa,4.199767933951484
seg_514b85,11.452701992458767
seg_4280d9,10.325509601169163
seg_af703b,8.9215603934394
seg_ae32a6,5.68619426091512
seg_812962,4.7900453673468695
seg_3d581c,2.495895359251234
seg_e0ce38,8.968506866031223
seg_07cd72,5.471399731106228
seg_24157a,6.623241795433892
seg_1cb942,10.201305018530952
seg_2c6011,4.752171092563206
seg_d5d3a1,5.716701560550266
seg_a1edc1,4.557389444775051
seg_f69c38,4.7608603901333275
seg_06d7ba,4.069541957643297
seg_929ded,5.763590759701199
seg_9f4fd4,10.499078750610352
seg_43383f,5.247461160024007
seg_86e874,2.07903344101376
seg_ca407b,5.6494981447855634
seg_6fb17f,5.5051793522304955
seg_b5804a,4.266198370191786
seg_cf0e43,4.977670139736599
seg_6b9511,8.165186511145698
seg_996c37,10.792937172783745
seg_3b7724,11.496671782599556
seg_502fab,6.828580803341335
seg_170a0c,10.94734689924452
seg_2cac57,9.316907299889458
seg_75e93c,4.826640976799859
seg_d6b386,9.445701334211561
seg_eb2e11,6.766077624426948
seg_37bf85,2.6868326134151883
seg_593c34,5.830936908721924
seg_a0979e,6.677116394042969
seg_e8b2b3,7.661114798651801
seg_72f40a,7.708931816948785
seg_a9b957,5.247228410508898
seg_c7b424,10.280942704942492
seg_1dec9c,10.68324777815077
seg_15adff,3.631144788530138
seg_07f37c,4.13315134578281
seg_d11ca8,7.852591514587402
seg_ccdc28,2.6231603225072226
seg_9fe8b9,5.345836877822876
seg_a50d28,11.408863279554579
seg_2774c4,11.445874320136177
seg_8244bf,4.784705400466919
seg_2dcd84,7.6453722847832575
seg_d5df41,8.680011431376139
seg_7d65c7,10.255467732747396
seg_c10a58,8.99600346883138
seg_6a116b,4.7746231820848255
seg_318135,2.0959131717681885
seg_d27812,5.168397876951429
seg_9a43ef,9.736227830251059
seg_f83d28,4.067263550228542
seg_27db4d,8.12899547153049
seg_961ddf,4.260546048482259
seg_f322b1,5.675511784023708
seg_d36342,7.8210775057474775
seg_82ce27,3.232204384273953
seg_0339ca,6.357363594902886
seg_ebe36c,5.718704276614719
seg_d4ea17,8.045610321892632
seg_b41d3c,5.202449056837294
seg_0012b5,5.993549876742893
seg_e5b510,3.8514021237691245
seg_3b95dc,4.433021810319689
seg_3661de,10.614661640591091
seg_92be9f,6.999568038516575
seg_a35e7c,10.666762775844997
seg_6c909f,3.51637069384257
seg_c747b4,3.7671010494232178
seg_7189ca,7.952513959672716
seg_3db0a8,3.1295362048678927
seg_b64c9c,8.402247375912136
seg_8b39c4,9.009704377916124
seg_77db7b,9.981640603807238
seg_500c80,7.229152679443359
seg_d661ce,3.9622269206576877
seg_04fd93,6.924438052707249
seg_42ff14,8.854974269866943
seg_b1b95e,3.001543336444431
seg_93d864,5.9449448055691185
seg_d31583,10.54877503712972
seg_b51380,10.451528231302897
seg_3f80ef,6.0622531572977705
seg_d35274,4.818259901470608
seg_af959f,9.370389461517334
seg_6f9a98,8.238099257151285
seg_b9ad7f,5.743036482069227
seg_3a80c5,6.270331064860026
seg_a91c03,7.727945486704509
seg_ad3cf0,3.9111117786831326
seg_4f5931,10.157369719611275
seg_41ab7e,7.105614768134223
seg_51b68c,11.297970877753365
seg_62c582,3.2768965562184653
seg_9b44d2,8.67687299516466
seg_836ef0,2.8509533405303955
seg_7b0936,10.686247083875868
seg_284223,7.5329820315043134
seg_103b32,3.8438210487365723
seg_73565e,4.486357821358575
seg_b3d886,4.2582756413353815
seg_4fa87d,9.954761611090767
seg_ae3d92,5.654182487063938
seg_bf1a72,5.008835686577691
seg_1562cb,8.927146646711561
seg_3e55d5,5.217693381839329
seg_9c090f,2.9046085675557456
seg_9f042e,7.893583509657118
seg_9d68cf,5.134172757466634
seg_d44589,5.854591422610813
seg_a5fbcc,4.930950032340156
seg_1a0eca,5.857128196292454
seg_4db886,10.886845588684082
seg_ff1a62,9.195476531982422
seg_c146a8,6.873164547814263
seg_c21d60,5.418789201312595
seg_658bf4,2.1264644066492715
seg_fbddb9,9.729175514645046
seg_670bde,4.248392873340183
seg_2c69e4,8.799201647440592
seg_5559d9,2.243788388040331
seg_d83890,5.161835564507379
seg_324447,7.322064505683051
seg_6edcb8,6.135432932111952
seg_9f6315,5.276793373955621
seg_fb76ca,7.671501053704156
seg_232559,10.311323589748806
seg_3bd97e,10.066487895117866
seg_71348a,2.683367755677965
seg_34ef79,4.827241897583008
seg_98c0b6,4.862712171342638
seg_05a4ad,7.941308551364475
seg_f6e89f,7.297265900505914
seg_5e668a,9.958652390374077
seg_e09301,3.3425033622317843
seg_3d6aac,7.340210066901313
seg_588f61,2.446287671724955
seg_80622d,7.041115601857503
seg_e067ab,8.269040955437553
seg_d1ca05,8.31496450636122
seg_77fe77,7.344112979041205
seg_c5dada,4.5390744474199085
seg_eaa0ec,7.867439481947157
seg_b7eeb6,7.601041952768962
seg_c05a7d,8.851895597245958
seg_ce5520,2.9818104373084173
seg_1f7cf8,3.407872544394599
seg_ca9e39,5.4063627984788685
seg_2e64af,5.3955601586235895
seg_5c9077,7.89518674214681
seg_bb180c,5.041811360253228
seg_2e71dd,3.36572167608473
seg_d0598e,3.495350466834174
seg_ca8389,4.888591474956936
seg_b47c19,5.5261098808712426
seg_74dda9,7.739601771036784
seg_500108,6.079812208811442
seg_de3d5e,5.142898347642687
seg_456149,10.064128663804796
seg_4a2525,8.552988794114855
seg_046c28,2.872804138395521
seg_bf1430,6.3803318871392145
seg_24e071,3.370045449998644
seg_edda79,7.22349754969279
seg_c62a06,4.8672910001542835
seg_986b6e,10.412078062693277
seg_4eeaef,3.547022157245212
seg_64be91,10.116441090901693
seg_85762d,6.404381275177002
seg_1d044c,4.323209815555149
seg_75eb90,7.9950941403706866
seg_c11a4f,3.8189910782708063
seg_0870ab,4.889170540703668
seg_b4f7a8,5.097442785898845
seg_dbbb44,7.3848341306050616
seg_b91ae2,4.789220200644599
seg_552b8e,9.74795765346951
seg_24f338,2.131213651763068
seg_8dfd7a,2.4636011256111994
seg_72c307,9.546514564090305
seg_d7a805,6.8911757998996315
seg_fc8fd6,2.2265817059410944
seg_2e2372,7.894602139790853
seg_87232d,6.066571924421522
seg_635770,7.653160095214844
seg_da21ee,10.793727027045357
seg_23c947,1.7249764733844333
seg_f7050a,4.364472574657864
seg_373a04,8.064984851413303
seg_666056,4.305707825554742
seg_83bef8,5.446234438154432
seg_268625,4.499644226498074
seg_29acb7,5.229248523712158
seg_2a4551,7.691164122687446
seg_97ad82,8.727340168423122
seg_fe73b1,9.701911661359999
seg_0968f1,8.258047368791368
seg_c565bd,4.985161516401503
seg_c41d1d,5.202026897006565
seg_1e572b,7.458758089277479
seg_755d50,4.93739120165507
seg_8866f0,2.300416178173489
seg_c703be,7.461920102437337
seg_abeca6,11.698222478230795
seg_4fd191,3.5180201795366077
seg_8a8220,7.0815408494737415
seg_00030f,2.9306787384880915
seg_17e596,8.6189800368415
seg_903aba,9.346293767293295
seg_2bf5be,8.566365294986301
seg_4e9646,7.680804093678792
seg_596ae3,8.989160113864475
seg_b9365c,3.9894649982452393
seg_e197b8,4.629403591156006
seg_b52710,4.5475072330898705
seg_25ab3f,3.5630924701690674
seg_0b4b24,2.7484343846639
seg_325790,3.4317671987745495
seg_95357d,5.030941353903876
seg_5b7325,4.108673731486003
seg_204dc6,2.451419379976061
seg_0c74cf,3.029934936099582
seg_983778,10.385237481858995
seg_c0d7da,4.972184075249566
seg_b69455,9.694542407989502
seg_05f9d6,6.897237512800428
seg_4eb127,3.062425454457601
seg_4743ab,7.7713297208150225
seg_f6d51b,2.458432767126295
seg_f003ca,8.250343640645346
seg_154361,8.799089590708414
seg_68da94,4.021447446611193
seg_ed7dee,5.53147390153673
seg_280e3b,3.896202325820923
seg_0b54ac,4.628934330410427
seg_f95fd3,8.39567682478163
seg_1eae76,5.896384398142497
seg_939f5c,6.3410079214307995
seg_bbbc30,4.934944258795844
seg_0b32f7,3.2196913295321994
seg_fa4df0,4.4496292803022595
seg_6ac82a,4.276192002826267
seg_a3ab46,5.015270524554783
seg_ab9654,10.806324428982204
seg_7f3ab0,4.899478303061591
seg_bf4bf2,2.193913459777832
seg_4ea3fa,6.407057921091716
seg_c24946,4.887241893344456
seg_2dccec,5.44688966539171
seg_b25dde,2.4409385124842324
seg_941759,8.081230269538032
seg_bce305,5.226154592302111
seg_e37b8e,4.788539091746013
seg_38001b,3.1119554572635226
seg_957ece,3.3509815533955893
seg_e217fc,4.572392516665989
seg_ecaef0,6.870409541659885
seg_679dd2,7.387074682447645
seg_4a6096,2.766866617732578
seg_04a696,8.989498721228706
seg_7e9eb7,10.421372837490505
seg_34abd2,2.8133112589518228
seg_ddd206,7.546432865990533
seg_4dbbd1,7.982171323564318
seg_0dc38f,1.9916866620381672
seg_bc1d67,6.953560988108317
seg_16a270,7.361298455132379
seg_c11828,1.9700704548094008
seg_d9ce67,2.6053970654805503
seg_65ef95,5.1866571638319225
seg_b8b72f,4.318872133890788
seg_66e45a,6.4443320168389215
seg_5cfdc4,5.364585134718153
seg_14c054,7.893015225728353
seg_c20c06,3.602174917856852
seg_c9e533,7.688035753038195
seg_f48db9,3.6567120287153454
seg_a39f3b,8.136014567481148
seg_8c6e34,2.6228734917110867
seg_e3cf1a,5.559742291768392
seg_5a242e,8.031866868336996
seg_2b6d52,7.731430265638563
seg_54b0ee,7.671907371944851
seg_339f80,6.646949079301622
seg_517345,6.291767756144206
seg_8bec6f,6.117180347442627
seg_0dfe8c,5.530839284261067
seg_bfdd14,2.658500168058607
seg_14c89d,6.169909477233887
seg_f7290f,5.645873599582249
seg_774ad2,4.812129709455702
seg_e30e44,3.18870653046502
seg_bff392,3.954877561993069
seg_dc6e94,5.402498563130696
seg_0e3ed2,1.9297591580284967
seg_2db7dc,5.530984295739068
seg_f0181d,4.998360051049127
seg_4ea81c,4.111585961447822
seg_30207d,10.555432743496365
seg_dd699c,3.8985132111443415
seg_e7d3e7,6.3923737737867565
seg_f77ee5,9.303111447228325
seg_ead30e,5.310828791724311
seg_4743fa,11.11190742916531
seg_bcf2d9,5.8403395016988116
seg_28fc32,7.00817886988322
seg_9dea8d,8.485743310716417
seg_39300d,3.3076446056365967
seg_c472cf,9.399386882781982
seg_6de935,10.542687310112846
seg_ac9de5,2.5122450325224133
seg_55a0c3,4.977982044219971
seg_78d817,4.67809091673957
seg_eb7f91,4.676347070270115
seg_e2b8b1,10.902585983276367
seg_a3d4d6,2.7499130037095814
seg_3b95d2,9.92754438188341
seg_19b9dd,6.785907162560357
seg_c80857,1.6726639999283686
seg_a63573,5.31754191716512
seg_dcbe02,4.424713108274672
seg_75dc3e,5.442786958482531
seg_f24292,4.8250026437971325
seg_b36c8a,2.998640855153402
seg_cc7e39,9.310629314846462
seg_6cfb76,4.726263046264648
seg_266d4e,4.917673428853353
seg_342ce6,8.26728359858195
seg_5cde88,3.7317362096574573
seg_5cd98b,4.787620120578342
seg_e25aca,5.128641525904338
seg_e5c033,6.714363045162624
seg_c26fb4,4.445036384794447
seg_ebec3e,3.153721226586236
seg_421da1,9.284400357140434
seg_7f9b3a,6.4314614401923285
seg_4cb9c6,5.498328950670031
seg_bd5022,2.3429754972457886
seg_60dacd,11.412093904283312
seg_a00985,6.308624055650499
seg_0be6ee,3.030734009212918
seg_864fcf,4.163240406248304
seg_d702b2,8.427372031741672
seg_b23489,3.4692334598965116
seg_b42170,3.759722497728136
seg_d9190c,4.042223638958401
seg_7848f8,0.6003665957185957
seg_b9de03,5.318533579508464
seg_d07ce8,10.899877124362522
seg_ce00bb,5.838331169552273
seg_7949da,3.5651928848690457
seg_46a42b,4.48442800839742
seg_915b3e,5.663641611735026
seg_e1f045,5.6856273545159235
seg_03f380,3.5230169826083713
seg_241266,3.6450499958462186
seg_be811d,3.312582506073846
seg_96642e,5.493251906500922
seg_55239a,3.9710197978549533
seg_b4cb44,10.438346227010092
seg_259dd3,9.30424526002672
seg_8e7fca,3.6973738405439587
seg_946d9a,4.954414923985799
seg_9d2528,5.159293439653185
seg_50e270,7.282097233666314
seg_29c772,5.421511544121636
seg_e8a2c4,5.957800335354275
seg_70be4d,10.84094524383545
seg_d90c5f,3.5412448247273765
seg_514543,5.446977191501194
seg_288001,4.890583329730564
seg_3ce740,9.297241581810844
seg_517425,2.565347088707818
seg_760d70,4.7580817805396185
seg_614b50,2.2512289683024087
seg_8f592b,11.437857839796278
seg_902bc1,9.080189651913113
seg_45a8a9,3.0310228400760226
seg_64daae,3.038568125830756
seg_9122aa,3.139128976398044
seg_383f2e,7.3793918821546765
seg_43c6f4,7.365389294094509
seg_5b8c39,4.690433396233453
seg_a80123,4.483517540825738
seg_211299,6.056080182393392
seg_ad82ca,7.015684127807617
seg_44d3ca,4.043202453189426
seg_e30ef5,3.7360964086320667
seg_885f53,7.9614027341206866
seg_e266f4,7.242601924472385
seg_e1f081,10.18962319691976
seg_fdff11,3.2249887784322104
seg_389906,7.57346084382799
seg_42648c,4.153709676530626
seg_287fef,2.4600798421435885
seg_8dcf3c,9.535835372077095
seg_a14212,6.130450831519233
seg_5b392b,2.9053180747561984
seg_9802c3,6.103430271148682
seg_c9831a,3.7641801039377847
seg_2dcd3a,4.742165989345974
seg_0f565c,5.223667489157783
seg_6de4fd,8.691322644551596
seg_45e4ed,4.581859827041626
seg_bcc8f1,6.942541122436523
seg_5bdb47,3.4435731569925943
seg_d753f8,4.224988645977444
seg_ba941e,8.891315513186985
seg_2ee95c,10.158381568060982
seg_d3f967,5.995084762573242
seg_46dd7c,4.201877541012234
seg_91fc29,3.6030083232455783
seg_9a1c76,5.549547407362196
seg_655ad6,7.016318162282308
seg_f5d2dd,11.141425556606716
seg_740837,2.6490632163153753
seg_563059,7.063548352983263
seg_730ebe,5.5632913377549915
seg_83cb2c,4.073541561762492
seg_dc4698,3.654738876554701
seg_f639ec,6.0573404630025225
seg_35a2d7,10.691096623738607
seg_94c48c,6.815474775102404
seg_cedf3e,10.010615136888292
seg_ab644e,6.274715105692546
seg_32906d,2.2274085415734186
seg_2018c8,10.806720415751139
seg_4ddddc,7.656849755181207
seg_3bfcf6,4.13542734252082
seg_67330f,5.889022085401747
seg_7bf143,2.5021762980355158
seg_0125d9,4.871472756067912
seg_f21a22,3.359650638368395
seg_45838b,6.30180295308431
seg_1a8e06,3.0169026851654053
seg_11647f,4.651166412565443
seg_0e8b79,7.744053734673394
seg_2bcbde,9.750842465294731
seg_ef74dc,6.491494814554851
seg_74537f,6.7788064744737415
seg_407b2b,6.899360603756374
seg_7efdd5,7.299364619784885
seg_d7967e,8.559083779652914
seg_d014a3,11.513360023498535
seg_d146a6,3.7373215092553034
seg_cdf88e,2.5065555572509766
seg_aa98cc,0.7340644001960754
seg_be0cdc,2.1877612670262656
seg_210388,5.766561455196804
seg_d88da7,7.4567802747090655
seg_c73df6,4.461680041419135
seg_35c587,3.955985175238715
seg_31d810,7.849396917555067
seg_fde86d,7.390396912892659
seg_cb806c,5.366552167468601
seg_40b3aa,1.7922173870934381
seg_a1a511,3.0132503509521484
seg_cbcce9,6.632608625623915
seg_cacd0a,5.607450379265679
seg_25aa9f,11.36468580034044
seg_263deb,4.379197597503662
seg_141f34,10.016350693172878
seg_d356ab,4.464666552013821
seg_492dc6,5.009031825595432
seg_dc1cf0,10.370592859056261
seg_0d663a,8.782446808285183
seg_ef24bd,6.283729341295031
seg_620ee4,6.215161535474989
seg_f6abc5,12.124284956190321
seg_e4f403,4.652462455961439
seg_468fdb,3.526257461971707
seg_259c63,5.420176982879639
seg_f99b64,7.737377219729954
seg_b8745c,9.952513429853651
seg_038879,7.540164417690701
seg_7a09ec,7.420976479848226
seg_84fc12,10.184771537780762
seg_7a5243,4.138796700371636
seg_673c60,4.313984447055393
seg_d47aba,4.72387237019009
seg_114b79,6.283255047268337
seg_54490e,9.02733654446072
seg_660fef,6.456579950120714
seg_b947ae,3.7300051053365073
seg_cb0e21,9.807970417870415
seg_64bcb9,11.443163553873697
seg_d86eb6,3.5843214988708496
seg_420d4e,6.378332244025336
seg_0df75c,9.90286488003201
seg_c5abaa,7.0823827849494085
seg_92af10,7.980637550354004
seg_a674d2,7.715975814395481
seg_84b9d9,5.0886406898498535
seg_3d059a,4.420346842871772
seg_8ab3a7,1.61776336034139
seg_8777bd,10.855128076341417
seg_5a0479,6.510684172312419
seg_739856,11.24134710099962
seg_60b696,5.43470213148329
seg_f96d0e,3.6680384741889105
seg_0e9bb3,7.25323141945733
seg_74b264,5.383162180582683
seg_511d25,9.24345917171902
seg_651808,3.8931104607052274
seg_78db0a,8.832741684383816
seg_8d4965,6.3543590969509545
seg_74ce61,8.21337498558892
seg_26cba3,4.598754670884874
seg_16566c,4.852382977803548
seg_a2986f,7.840767277611627
seg_6e5a38,2.7328500747680664
seg_d1cb37,8.63114505343967
seg_dc7e0d,2.5763731797536216
seg_8599ec,4.200677845213148
seg_2f1664,6.8970597585042315
seg_6422d1,7.823092354668511
seg_f2b0c5,3.394515699810452
seg_004314,1.6591853963004217
seg_476700,4.467669381035699
seg_c588c1,9.721512953440348
seg_62331a,5.384442329406738
seg_f93ce5,4.164901786380344
seg_b378bc,2.9305050902896457
seg_4c8db6,8.928849432203505
seg_3bf9ac,2.8601506551106772
seg_1f1e60,8.827132595909966
seg_2b4959,6.7494497829013405
seg_31a6cd,3.951823181576199
seg_9c3d6a,6.9497414165072975
seg_7d88e3,9.793939696417915
seg_3b4414,4.806369649039374
seg_f4d644,4.067015647888184
seg_692e7a,8.837013138665093
seg_9ad261,5.115223619672987
seg_193404,10.175415992736816
seg_9e962b,7.048787805769178
seg_2883ec,9.164214452107748
seg_2d7cc4,4.458905140558879
seg_e86ed1,11.465151998731825
seg_6b4e04,10.105504671732584
seg_b6bdaa,7.58981106016371
seg_e64dfa,6.0296839872996015
seg_ff4236,5.231152110629612
seg_1ae362,8.27075227101644
seg_edecaa,5.686525344848633
seg_b8141c,3.0967965920766196
seg_bce23c,7.917590300242106
seg_97a161,6.002765867445204
seg_b2b29d,7.854227066040039
seg_7f5b6f,10.64127328660753
seg_e6e1df,3.0078814559512668
seg_1d596d,6.170583830939399
seg_eca2eb,6.217733542124431
seg_eee89d,2.9700556066301136
seg_3ba485,10.485776689317492
seg_2f60db,8.566110346052382
seg_14c435,3.526939551035563
seg_3c4106,3.6280161804623074
seg_bb5e15,4.6626679632398815
seg_dbf3f2,3.392244577407837
seg_d3f6b0,4.07802595032586
seg_b87cf5,8.829728444417318
seg_89885a,5.358393669128418
seg_5d94b2,3.5608111487494574
seg_baa745,6.706766817304823
seg_7d17eb,9.537685871124268
seg_3d6e79,6.271752092573378
seg_26edaa,9.225209130181206
seg_518b1e,3.232835398779975
seg_53a557,5.06119097603692
seg_1e617a,2.725625170601739
seg_5407b0,4.575678375032213
seg_15bf25,8.663724157545301
seg_ba3c47,2.344350258509318
seg_ba1d68,4.3034012582567005
seg_1ac9e2,5.426062848832872
seg_67aa76,5.47758346133762
seg_e15cb9,6.865687900119358
seg_31631c,7.405594242943658
seg_96fa35,4.732596741782294
seg_2396a2,2.408302148183187
seg_d21eb6,7.76451121436225
seg_aa508a,2.4623419178856745
seg_32f72d,5.510451369815403
seg_9a812d,5.515739070044623
seg_2005a7,6.128976874881321
seg_ea05c1,7.559251255459255
seg_f6659e,2.587430781788296
seg_0d6d68,5.771167887581719
seg_1db8e8,12.036663373311361
seg_920132,8.546845648023817
seg_0c1d3a,3.7360326978895397
seg_316f86,5.627374437120226
seg_59cfdb,10.708467589484322
seg_b8fd73,9.155624124738905
seg_f6e1ca,4.00351275338067
seg_301c1e,7.72543478012085
seg_eb7595,5.359501123428345
seg_4a9e6b,8.89983050028483
seg_31d763,6.289430989159478
seg_ea0091,4.762550327512953
seg_93211c,7.876397450764974
seg_00cc91,5.109847704569499
seg_c179f8,5.819936275482178
seg_f6a217,4.148203690846761
seg_66820a,3.826600498623318
seg_a9089b,2.6324854824278088
seg_53bdf5,11.109800020853678
seg_743775,7.241583665211995
seg_3a8a76,2.585529234674242
seg_7862ed,3.998594601949056
seg_30fd84,9.65894201066759
seg_3065ba,4.56030453575982
seg_db694a,6.194037278493245
seg_e6e24e,6.984282069736057
seg_efb639,9.25946675406562
seg_a88dde,9.542887051900228
seg_a0646a,3.769766198264228
seg_8344ee,5.20910037888421
seg_3bc9ed,7.391311168670654
seg_0cdcc8,2.631504284010993
seg_b03de5,9.622717433505589
seg_8d6578,3.640794144736396
seg_54d0f3,3.272281196382311
seg_c9201c,4.192545466952854
seg_f66db1,8.608684645758736
seg_5c57a8,2.6493063635296292
seg_2b372b,4.714834027820164
seg_077b7e,5.567639668782552
seg_848695,4.780709902445476
seg_e52f8c,4.951800717247857
seg_d19980,8.657024489508736
seg_8328f5,4.556931442684597
seg_b9361a,5.362064043680827
seg_b2b331,5.944733884599474
seg_7df3dd,6.064242415957981
seg_d5b100,4.885011090172662
seg_83f928,9.787500010596382
seg_c22bd4,9.96800168355306
seg_d78093,4.743963294559055
seg_7c9433,5.337634881337483
seg_d2db6b,5.165568643146091
seg_523945,2.9616305033365884
seg_311b5e,4.253081427680121
seg_3706be,6.85371536678738
seg_b782c7,6.902903768751356
seg_572172,8.508849620819092
seg_32e763,5.369173685709636
seg_e3d751,0.8580009341239929
seg_aec276,8.62325053744846
seg_ee87e2,4.2691764036814375
seg_17799c,7.963995880550808
seg_e6b236,7.000343852572971
seg_fbd66b,4.1908646954430475
seg_a4208a,3.5616043673621283
seg_f0db55,3.249639047516717
seg_a4e745,9.21389267179701
seg_1fc7ab,6.3731237517462835
seg_9c00d7,9.733578417036268
seg_8681aa,8.107071452670628
seg_a69246,9.843641599019369
seg_a86231,5.4297482702467175
seg_441c6d,7.873062239752875
seg_ac5c61,9.612580246395535
seg_9e61da,2.2192213932673135
seg_ef644a,7.000075976053874
seg_35269b,10.4193483988444
seg_a6e801,2.7737822930018106
seg_397983,7.244500743018256
seg_42c4c9,3.832034111022949
seg_af2472,2.909776449203491
seg_85c1c0,4.821324136522081
seg_bb92b1,6.718047936757405
seg_6f3d90,7.07807805803087
seg_71936f,3.6858954429626465
seg_bee792,5.923255920410156
seg_c42490,5.327851268980238
seg_fdba93,4.356917672687107
seg_361f5a,10.524453745947945
seg_47a48f,9.712375905778673
seg_6ab188,7.175037966834174
seg_b52dac,4.635628779729207
seg_947700,5.008721563551161
seg_9cb464,5.744965712229411
seg_2bf9dd,8.87639061609904
seg_69a53e,7.319935851626926
seg_5e7abf,4.787535773383246
seg_b89218,11.337339189317492
seg_6b3a9d,3.8481917911105685
seg_9e8ca4,9.595600816938612
seg_117ff4,4.259772565629747
seg_a96b47,5.665674792395698
seg_29475f,3.9840470949808755
seg_db606c,6.97826427883572
seg_830cff,5.476468589570787
seg_de4e1d,5.539089997609456
seg_eebbc2,5.928105566236708
seg_d2551a,9.16461674372355
seg_9dcae1,7.713430881500244
seg_430e66,7.592640399932861
seg_5597ed,5.170111603207058
seg_e8ac98,2.5501944621404014
seg_0d762e,7.87924157248603
seg_420bcc,6.279082669152154
seg_58ea74,10.268667115105522
seg_b00f05,8.02959558698866
seg_c23429,5.121116850111219
seg_ac45ae,8.98247872458564
seg_8bc20c,2.9846017758051553
seg_c44bbc,3.372637218899197
seg_78ded2,1.9507623513539631
seg_e6bd3f,5.450568093193902
seg_94d150,5.225472609202067
seg_a247ac,10.246517817179361
seg_4c067a,5.872398641374376
seg_a41c2c,7.932491461435954
seg_414d0f,6.973872820536296
seg_c047b7,4.986841360727946
seg_c01a57,1.8108226325776842
seg_c0e1b9,4.848227183024089
seg_8d5113,5.197717189788818
seg_d0c280,2.3729770448472767
seg_af6204,4.009372446272108
seg_482745,5.251881493462457
seg_b31961,5.832755459679498
seg_fa0ac7,6.366682211558024
seg_b72413,7.511965910593669
seg_77dbe7,6.12903626759847
seg_845a2a,10.378702481587728
seg_a35c82,9.928403006659615
seg_e1468f,9.326325469546848
seg_530a02,11.288657188415527
seg_86720f,8.171431594424778
seg_d63175,7.232950263553196
seg_d693b0,9.97106679280599
seg_2642d4,7.454913669162327
seg_cd9f9b,9.511440012190077
seg_c27591,4.957207282384236
seg_4a719c,4.292639440960354
seg_911066,4.606421735551622
seg_2b2cb3,7.385811010996501
seg_280863,3.235969649420844
seg_32ad0f,9.361339145236546
seg_9a7c46,6.250013722313775
seg_3b2013,3.1831985579596624
seg_e05de2,3.573981682459513
seg_7e3b3e,5.543308469984266
seg_d5dbc1,3.6974440945519342
seg_fcd32e,6.015927632649739
seg_476bdb,3.7303750250074597
seg_9b7ef8,9.767337746090359
seg_4ae712,10.041802353329128
seg_d56ae2,8.718073156144884
seg_41be18,8.690105226304796
seg_8f4781,3.6720554298824735
seg_df99d4,5.555011696285671
seg_b86ce1,5.09388091829088
seg_55d50b,3.662014219495985
seg_b0d251,6.7400186856587725
seg_dcee28,5.403282801310222
seg_a25c46,5.199051856994629
seg_10a595,5.8782369295756025
seg_3f3689,3.632341119978163
seg_f46cc1,2.9876238107681274
seg_53498a,4.20563711060418
seg_ff79d9,4.3925607734256324
seg_c509ff,3.484166595670912
seg_bf1294,2.7830501662360296
seg_e877a5,5.955557876163059
seg_d0f803,5.604545593261719
seg_6ed49a,7.7870509889390735
seg_e60719,9.315200328826904
seg_7cb417,3.17387408680386
seg_cec2f2,7.297279781765408
seg_1b78af,5.547054555681017
seg_81f798,3.428592416975233
seg_529c99,4.795384062661065
seg_966f3d,2.5803406503465443
seg_5445bc,4.847403658760919
seg_5d333e,8.796441872914633
seg_91607c,4.705556551615397
seg_df8e0a,8.008861223856607
seg_64f8dc,4.911014027065701
seg_2a0dc0,8.164474911159939
seg_d16534,7.423839092254639
seg_20e9ad,6.006925264994304
seg_8aeb99,9.944759792751736
seg_4ca6de,6.7569451332092285
seg_2ba79a,2.460495352745056
seg_8cf573,5.275478363037109
seg_816b7a,3.0482179323832193
seg_eea20e,8.941206084357368
seg_cd699e,3.4503051704830594
seg_04ae38,4.944999006059435
seg_70fb30,8.968923886617025
seg_5c1a4d,2.8309351338280573
seg_075f77,3.9943282869127064
seg_e50f16,11.788827048407661
seg_c2b8f7,3.5259302192264133
seg_633651,5.941649278004964
seg_3f99c8,2.0512015289730496
seg_88a81d,4.36249566078186
seg_24458d,6.409488042195638
seg_63c983,3.295732577641805
seg_1815fe,10.926618470085991
seg_8d3a9d,6.628401279449463
seg_ef27c8,3.51803101433648
seg_2a0ace,9.854425854153103
seg_d2f588,10.372779051462809
seg_e3e762,9.251129627227783
seg_331f2b,10.943828900655111
seg_92310f,6.349292755126953
seg_f97274,3.7452885839674206
seg_d4c763,6.005453215705024
seg_b88baa,7.540907277001275
seg_a489e1,7.585251490275065
seg_2ed79b,6.047296524047852
seg_7d994f,5.189604388342963
seg_78852d,6.3841226365831165
seg_5495ca,3.7630062898000083
seg_71b975,4.166081852383083
seg_813aab,3.821990542941623
seg_5e541f,3.0507694085439048
seg_be65f2,3.6411277982923718
seg_8f3dfe,5.53383403354221
seg_226e60,8.89664453930325
seg_5f24d3,9.43107075161404
seg_87e4e8,2.4402951267030506
seg_289d99,2.327586187256707
seg_4ad674,5.516692638397217
seg_74d8cc,5.954862700568305
seg_14c371,8.879221386379665
seg_2a8351,3.314716339111328
seg_06893f,3.2648802863226996
seg_0a1bd0,6.784155209859212
seg_a4ad7c,11.454580201043022
seg_070bb0,2.5656729539235434
seg_bbb01e,7.9206976890563965
seg_35b753,7.287586371103923
seg_d962cc,9.808294296264648
seg_db3a95,5.118844456142849
seg_06d4a2,5.337335639529758
seg_8e7194,5.8146999677022295
seg_8310ea,7.37034363216824
seg_b95010,4.1610816054874
seg_f165f6,2.3498347070482044
seg_0f74a3,7.5542186631096735
seg_17d1ff,5.062534252802531
seg_7fd3a3,5.134545246760051
seg_e481c7,7.969176875220405
seg_bcf6af,7.1210503578186035
seg_d1fbb8,11.303961012098524
seg_bb2d77,3.752337190839979
seg_c23641,3.669245296054416
seg_18d1d0,5.2128526369730634
seg_d29a4b,4.8729933102925616
seg_75ffc9,7.102237701416016
seg_4c3a2b,9.715500831604004
seg_a68007,4.337405734592014
seg_ce9f59,4.087201568815443
seg_f71db8,6.781406932406956
seg_4d2671,7.867270469665527
seg_89f975,3.790454149246216
seg_a8685e,9.907540215386284
seg_5abfdd,4.859884474012587
seg_ce472b,8.617171181572807
seg_988e69,2.712776687410143
seg_30b043,4.236290613810222
seg_4d0c45,6.8346572981940374
seg_2eddf6,8.250240431891548
seg_aba501,3.647691567738851
seg_b8bb87,10.312267727322048
seg_8dfc7e,2.6670475006103516
seg_e7ac12,5.049917512469822
seg_a8e6df,4.450550185309516
seg_8fc754,10.659590191311306
seg_ba98dc,3.903010262383355
seg_c08d36,6.289131164550781
seg_cea185,5.58175622092353
seg_a86a05,7.2404458787706165
seg_5009d9,3.5033604303995767
seg_d1045e,10.272594769795736
seg_e4c15a,5.172045124901666
seg_f679c6,9.228499677446154
seg_ee2781,10.110222922431099
seg_e14149,6.866988235049778
seg_4c18e2,2.532251318295797
seg_138807,4.631837315029568
seg_71b4e0,3.2962755892011852
seg_ea9fa4,10.965279367234972
seg_25e76d,2.905119631025526
seg_eb1d6e,4.1632682217492
seg_65fbac,8.859328163994682
seg_b78883,10.230080922444662
seg_98c44d,4.289149708218044
seg_d60d18,4.68686827023824
seg_0a97c4,6.120702372656928
seg_24ba8d,5.609040313296848
seg_aed434,7.6544189453125
seg_8a6b0e,3.347259442011515
seg_f639cd,9.181347052256266
seg_ab3f14,6.727268166012234
seg_0042cc,7.9608612060546875
seg_6681ee,1.6236858765284221
seg_6167f0,5.798489252726237
seg_b853f8,5.511898835500081
seg_47d374,4.411533726586236
seg_2977cd,5.724142392476399
seg_70a60e,6.323933760325114
seg_f11f77,5.808607578277588
seg_5a947e,5.298559347788493
seg_caa919,5.986262533399794
seg_dcd9df,2.2081297503577337
seg_bfe0b6,6.853540791405572
seg_bd00c4,6.433149072859022
seg_1a791c,5.992264853583442
seg_00be11,3.41884003745185
seg_115a92,3.7546972698635526
seg_aa1adf,4.6218043433295355
seg_8c0114,4.00782831509908
seg_8a3306,5.217789385053846
seg_d36681,9.145602597130669
seg_063865,7.381619453430176
seg_fedbd1,10.39570172627767
seg_3bb90a,4.14540629916721
seg_a9a820,3.563014586766561
seg_feb312,8.034264511532253
seg_99f76c,5.4275486204359265
seg_aae025,8.120251019795736
seg_96dab2,10.185183684031168
seg_006e4a,3.262372679180569
seg_397dc9,8.085180653466118
seg_12b9ba,6.8296290503607855
seg_b50239,2.187774141629537
seg_b95a77,10.370147811041939
seg_e5750a,10.311415142483181
seg_c12d7d,11.850769678751627
seg_87f6c8,8.39902400970459
seg_fb9491,3.33756250805325
seg_d35e50,7.031512101491292
seg_9d79d4,5.523482481638591
seg_14d1d3,4.986555443869697
seg_0a0fbb,10.440622435675728
seg_4e0c4a,10.802253723144531
seg_c267a5,4.162914037704468
seg_fc407c,6.0798468589782715
seg_f48363,4.513519525527954
seg_59058a,2.32869193289015
seg_f618a8,9.421769618988037
seg_ddbadc,10.487373987833658
seg_e5f9ec,8.293780697716606
seg_5e635a,3.5795658429463706
seg_b1a35c,7.463375356462267
seg_f5e682,4.410275379816691
seg_a5dea6,9.829366154140896
seg_8a41bf,3.248440901438395
seg_c81fec,4.875391615761651
seg_a6e99c,1.509833084212409
seg_c90be5,9.00617461734348
seg_0e3d44,3.102350605858697
seg_7ddc30,9.627277056376139
seg_b0f9cd,8.107556449042427
seg_735cdd,4.096429559919569
seg_1da819,4.380803452597724
seg_5fe414,4.247377077738444
seg_eefd4a,3.547085258695814
seg_6fc3ef,7.607790629069011
seg_383b6b,5.002591715918647
seg_c671f7,7.482374085320367
seg_fdd50e,3.0503825611538358
seg_570d69,10.166831758287218
seg_c01f63,7.64316193262736
seg_b2e045,4.839432530932957
seg_42e7e8,5.1750622855292425
seg_51865e,4.774715900421143
seg_739679,2.5244836939705744
seg_f383fb,5.602130889892578
seg_54af0d,3.0594839917288885
seg_52636c,2.1906610594855414
seg_49b0cb,11.411036703321669
seg_d062a6,9.98346953921848
seg_2e88dd,7.307420995500353
seg_d59e4e,4.242674907048543
seg_695380,3.190401633580526
seg_f67ce2,3.38795632786221
seg_bd31bf,7.605909718407525
seg_cff594,2.0084979799058704
seg_9ee0aa,9.1987501250373
seg_2313d1,5.819640742407905
seg_545fda,8.792774306403267
seg_4a91a9,4.055524905522664
seg_6262c4,9.059800836775038
seg_a704ee,7.603858258989122
seg_496dad,3.4682361549801297
seg_d6b546,6.740659289889866
seg_591954,8.778702947828505
seg_079e34,4.833642403284709
seg_6696d0,5.098732868830363
seg_75211e,6.998239888085259
seg_90c258,10.28201633029514
seg_53fa13,4.915999571482341
seg_121cba,3.57358357641432
seg_18fb65,3.3439731332990856
seg_5ef47e,7.069967428843181
seg_a12acb,4.679830657111274
seg_b7b098,4.649944199456109
seg_655cae,3.218791643778483
seg_f22163,11.235870361328125
seg_dd4594,5.087420145670573
seg_4435bd,4.353422376844618
seg_753ba6,4.294319523705377
seg_d9d0e4,3.6613702244228787
seg_462c1d,7.353905412885878
seg_ebd77b,10.026512569851345
seg_b6c10d,7.56368350982666
seg_4b4c91,8.031326134999594
seg_e9e65b,6.713330957624647
seg_0879a8,8.309171040852865
seg_aee9bf,4.2547535631391735
seg_afca81,2.879877037472195
seg_151368,8.479592906104195
seg_a437cb,4.032077656851874
seg_7aeca4,7.4152661429511175
seg_943de0,11.093036227756077
seg_826208,6.643034299214681
seg_5470ca,5.763489882151286
seg_e54932,8.225580957200792
seg_36b77f,10.019289334615072
seg_804fb5,7.2862803141276045
seg_82303e,3.058868487675985
seg_e80726,5.120733022689819
seg_2dfb91,3.2988160186343722
seg_3fb24b,5.203834533691406
seg_739fb0,3.890671650568644
seg_a975df,4.776488542556763
seg_c25855,6.314806249406603
seg_a1b3cc,4.618342849943373
seg_8fd465,3.618761724895901
seg_8472f3,8.884680483076307
seg_a99be9,9.436157491472033
seg_74f330,4.250215344958836
seg_46012e,8.881015088823107
seg_acd715,10.304818577236599
seg_ba5e7e,4.723168267144097
seg_4ad5a2,6.321358998616536
seg_f6f683,6.347189002566868
seg_8200d2,4.096292310290867
seg_ff2f2d,6.284310923682319
seg_37608b,4.9518707328372535
seg_6c292b,6.927627033657497
seg_ad591c,7.990540928310818
seg_0b07c7,5.963901201883952
seg_cc2e9b,4.510081979963514
seg_46b84d,7.513760831620958
seg_868c85,7.65207937028673
seg_7fd6b7,12.046482827928331
seg_17067e,4.218011061350505
seg_ffbd6a,2.1617010964287653
seg_1cd352,6.133338504367405
seg_5965d8,3.7928822570376926
seg_5147e1,4.2995668517218695
seg_fad815,4.23143376244439
seg_1f9aed,5.884541246626112
seg_dcf242,5.962857246398926
seg_3151ff,5.424875418345134
seg_c6c29f,3.584239747789171
seg_43597f,4.480688095092773
seg_27a282,6.632478661007351
seg_578e84,10.128633552127415
seg_82456a,2.5541239976882935
seg_92b095,3.638286034266154
seg_cc7a19,4.577156755659315
seg_9fd9b8,5.766987164815267
seg_cf9a49,5.924873140123156
seg_d1a2b9,4.479995807011922
seg_abaad2,8.804567654927572
seg_6b9d02,4.813651349809435
seg_fcca66,4.80660096804301
seg_48feba,5.0978808932834205
seg_3f3983,8.071687751346165
seg_b695b3,4.6176357004377575
seg_41be7d,6.952712535858154
seg_750c93,3.0767873525619507
seg_d37b05,7.813534312778049
seg_c714d0,9.672260072496202
seg_2d427f,1.9733967118793063
seg_a1acb2,6.1114827791849775
seg_1c849d,6.227749930487739
seg_68a484,8.889658557044136
seg_14ad27,2.60894677374098
seg_8f6284,5.030162122514513
seg_77e7bf,5.453663084242079
seg_77bf79,5.245145267910427
seg_f21bf4,5.512285497453478
seg_c571ef,5.647084342108832
seg_7ce9cb,4.3404990037282305
seg_df352f,4.093039804034763
seg_61b50d,5.358750926123725
seg_58e74b,2.612902111477322
seg_9bd388,6.933051957024468
seg_3ec967,5.216383563147651
seg_8e5704,7.953966670566135
seg_d32f8a,6.281854894426134
seg_9d7490,6.28500943713718
seg_e256bd,3.7300362057156033
seg_2d402d,2.202098250389099
seg_ecf28d,7.610052267710368
seg_9e8323,4.11563777923584
seg_208ba5,3.453951782650418
seg_2d92f0,9.561880429585775
seg_bb171f,7.996868292490642
seg_87a616,2.8284473021825156
seg_e7d1f8,4.635080920325385
seg_c21723,5.14483642578125
seg_b08e9d,10.118848058912489
seg_0b3b94,5.735385206010607
seg_e85f55,2.7200815942552357
seg_a6c5cc,2.410754402478536
seg_447cb3,9.261475563049316
seg_02042f,2.1942568090226917
seg_dcfb4b,9.989174365997314
seg_ae9626,2.5339444478352866
seg_c81e10,7.693263795640734
seg_9f22a0,8.415460851457384
seg_4d7c56,5.132321092817518
seg_581fac,2.4154619110955133
seg_f34877,7.545625633663601
seg_17adc0,5.628908157348633
seg_72859b,5.138937950134277
seg_75e669,2.5208744605382285
seg_1969c8,8.029504246181911
seg_355717,4.005766524208917
seg_ca88e3,9.008882310655382
seg_6d01a3,7.9279979599846735
seg_eba22d,10.210182719760471
seg_8826f4,4.282023111979167
seg_ef9105,11.125612682766384
seg_8324a4,7.878379027048747
seg_04cceb,8.052545865376791
seg_ebb79f,5.576257440778944
seg_9d3013,8.499201562669542
seg_21eebb,5.322208881378174
seg_9872f9,6.126660558912489
seg_5467c8,9.223393705156115
seg_3865bc,4.615403228335911
seg_a436bc,10.370960235595703
seg_490d6e,6.495757049984402
seg_34a8f7,11.025980313618978
seg_9bab11,9.699369960361057
seg_2700bd,5.254364040162828
seg_d9352b,5.828481356302897
seg_4b8044,5.996730486551921
seg_075340,5.261996375189887
seg_fbce13,3.7661865022447376
seg_f5406b,4.736817518870036
seg_1ef708,3.5418540636698403
seg_d40bb2,11.175264464484322
seg_7cdfe5,4.290361907747057
seg_ed52ac,9.202178531222874
seg_09f0ff,4.907062848409017
seg_257b8a,6.930786344740126
seg_970e86,10.659470876057943
seg_762be4,4.754309998618232
seg_72858d,4.12246200773451
seg_3761d0,3.6451201968722873
seg_fe2aac,5.551383601294623
seg_f1a771,4.686883793936835
seg_2be983,10.383732583787706
seg_49322d,7.891514089372423
seg_a55540,10.174484994676378
seg_225320,10.932989650302464
seg_718b53,3.7203951676686606
seg_13c2f0,5.779979599846734
seg_e8d02f,4.6919167041778564
seg_84a65d,10.008712503645155
seg_7fa6ec,1.0416449970669217
seg_d0f262,6.70200973086887
seg_2367fb,10.025657335917154
seg_41aadc,6.738297939300537
seg_5f46a5,8.28613371319241
seg_766e42,3.900298277537028
seg_e24f69,4.994057787789239
seg_32f6df,6.504593902164036
seg_f30f0c,6.631680223676893
seg_df8385,3.4382955498165555
seg_99ccbd,4.024548027250502
seg_c5c6ea,6.150589201185438
seg_3128e6,6.031803078121609
seg_09dd59,7.896382914649116
seg_6a45a0,5.169723404778375
seg_8c1760,9.246120082007515
seg_c7a579,7.465712547302246
seg_6e12ee,2.610317177242703
seg_049957,12.033259285820854
seg_9c8bc8,5.497549639807807
seg_a61e1c,5.470924642350939
seg_45b051,1.93808999326494
seg_6c8a45,4.7541064156426325
seg_1c929e,5.410756799909803
seg_4e627b,5.316892358991835
seg_47fed6,8.177851623959011
seg_914a62,4.707899967829387
seg_330579,5.178591728210449
seg_d7f015,6.189751519097222
seg_ba0485,9.28549771838718
seg_105cd9,3.0944380495283337
seg_6a26de,3.074919859568278
seg_3ae4d9,3.4009266429477267
seg_8c341c,9.326324039035374
seg_2f4f14,4.297393321990967
seg_cf5764,7.121544890933567
seg_0d434c,10.71487765842014
seg_32fc4e,9.004986392127144
seg_f61b0e,7.16418637169732
seg_f3c578,3.9923448297712536
seg_d2cb02,6.824124813079834
seg_f2750c,7.008105066087511
seg_83ef67,9.192989455329048
seg_d85e2e,5.428142812516954
seg_c3836b,4.679681989881727
seg_566efe,9.470532258351644
seg_ae9761,8.235422293345133
seg_27b7c8,9.659569210476345
seg_03d63e,5.442432562510173
seg_464839,6.443399111429851
seg_ee1cfc,4.73974887530009
seg_d32f71,5.043037096659343
seg_2465ce,6.70584159427219
seg_e86e44,4.545898728900486
seg_7540f3,6.946640491485596
seg_acf2f4,9.554745568169487
seg_aa9b8e,7.465845002068414
seg_e0c329,5.146231757269965
seg_6fd5bb,9.855672942267525
seg_010eab,7.155011918809679
seg_e0cfd4,5.9702648586697045
seg_20d9de,9.913964960310194
seg_ee4479,3.927542765935262
seg_a49ccc,4.881764597362942
seg_80211c,8.408625708685982
seg_f88d4a,3.2080323696136475
seg_e86f77,3.6650345060560436
seg_2eccb9,2.5957954459720187
seg_13e25f,7.8921703232659235
seg_1eeb8f,3.741257826487223
seg_f455bc,10.33741315205892
seg_5924f5,4.815164857440525
seg_c5dee4,1.850171857410007
seg_a2e2c8,2.7972772386338978
seg_6ac67a,5.5148019260830345
seg_91596c,6.5671348041958275
seg_76b76f,11.635657734341091
seg_70e891,5.298546314239502
seg_bc07c8,2.595457567109002
seg_d27193,3.6156418323516846
seg_0a42ba,10.197643915812174
seg_ad949a,5.506552060445149
seg_81c1a6,10.485511673821343
seg_cf646e,6.909757614135742
seg_7b5f90,7.574484825134277
seg_5e020f,5.25193797217475
seg_96cd5d,4.671776056289673
seg_7020c5,8.383590751224094
seg_c243a6,2.382896794213189
seg_fb8af5,5.0149105654822455
seg_05f126,9.014226383633083
seg_e5fbc1,2.110704051123725
seg_86892f,2.741408665974935
seg_73ab4a,4.216768874062432
seg_41a267,8.732552369435629
seg_e24496,10.356783654954699
seg_6be48e,4.262284305360582
seg_0e9987,5.512326611412896
seg_dc73b8,4.164708932240804
seg_5d45db,6.998122268252903
seg_bc437b,10.925739182366264
seg_76d16c,6.9359092182583275
seg_8bf229,6.990456846025255
seg_df45b0,7.623550891876221
seg_24c1c9,5.004541211658054
seg_bd7109,5.76784070332845
seg_34a2b8,5.989002969529894
seg_652cc2,6.2075432141621905
seg_016913,4.4610123369428845
seg_d91492,7.412537468804254
seg_4eef28,9.472733391655815
seg_1db443,6.937797599368626
seg_64be5d,9.446013715532091
seg_4c4995,6.7708360354105634
seg_423ebe,5.17527453104655
seg_dca2c2,9.455513742234972
seg_19b08e,4.382621606190999
seg_bc2186,7.305003590053982
seg_9e25e9,5.308060222201878
seg_f931de,5.0833919578128395
seg_c60f1d,3.0354968971676297
seg_fb9b2e,9.354207621680366
seg_093a0a,7.999217775132921
seg_0536c9,4.84342426723904
seg_6ae32d,4.76259281900194
seg_fa34c7,7.041080315907796
seg_217eed,4.64351307021247
seg_d3992e,10.495351685418022
seg_a543e5,7.104252179463704
seg_0df469,4.754576577080621
seg_ddc800,10.696280797322592
seg_284923,9.985731442769369
seg_e8ce6a,2.660360998577542
seg_c58ca5,6.077859984503852
seg_2efd5c,9.282153924306234
seg_23323e,4.33375687069363
seg_a6bf91,6.8057768609788685
seg_176542,6.840688281589085
seg_64dcf0,6.7648767365349665
seg_f0d278,2.601947651969062
seg_fdc1d4,5.605703300899929
seg_08f441,5.018504831526014
seg_fd19b8,10.236205842759874
seg_2f86cd,2.1593549384011164
seg_1c4c5b,6.2682323985629615
seg_fe86f5,6.676292896270752
seg_5bc0b0,8.446957217322456
seg_490092,10.599295298258463
seg_1f3ede,3.391784906387329
seg_e8ad6b,4.7871889803144665
seg_0445d7,7.176176124148899
seg_ca67ee,5.400817924075657
seg_6dfab7,4.073858234617445
seg_3d1f2e,6.934682528177897
seg_6951e0,5.026728206210667
seg_63582a,8.33531019422743
seg_ddddf0,4.771099328994751
seg_dab0f9,7.765927738613552
seg_ec973c,11.283664491441515
seg_4f76a2,5.470286316341824
seg_95644e,7.286817179785834
seg_f30b2f,6.657215648227268
seg_1abcaf,2.3734998570548163
seg_abb06a,6.835114849938287
seg_be30ce,5.484696865081787
seg_94d573,7.9514551692538795
seg_75cd6a,4.998267041312324
seg_b52add,10.963395754496256
seg_f43ab6,2.4284694857067533
seg_1cf1b5,5.045390764872233
seg_946d71,10.726278728908962
seg_8515fd,5.048796547783746
seg_a133bc,5.224943108028835
seg_51f6fd,6.794820732540554
seg_f59974,9.162753423055014
seg_afd665,5.103983137342665
seg_148698,9.898983743455675
seg_0fca83,3.046171055899726
seg_f2ae5e,5.646255440182156
seg_4e2c66,2.6040578418307834
seg_a2c108,11.81327215830485
seg_45e7ad,3.2255645593007407
seg_31b808,7.222626739078098
seg_b32d1d,3.6065680185953775
seg_f52cdc,11.60613907708062
seg_807901,4.713500420252482
seg_c1fe9a,3.397587087419298
seg_f2a20d,5.106227556864421
seg_ecf81b,9.278801865047878
seg_162fc4,6.877905633714464
seg_661629,4.15075159072876
seg_b13220,4.402171399858263
seg_a03e6a,4.856940110524495
seg_151d92,3.1641294161478677
seg_05e0d7,4.358840439054701
seg_19ec5c,9.911426226298014
seg_2ea616,4.718583265940349
seg_ada42c,5.106934282514784
seg_00648a,2.8623603449927435
seg_fb00b3,10.840162065294054
seg_98f624,9.659745269351536
seg_c15d21,8.121112505594889
seg_d668c0,7.038377232021755
seg_7c2c48,2.59184992313385
seg_68102c,9.833051787482368
seg_686edc,6.76770199669732
seg_6e7f73,9.516986634996202
seg_758ca4,3.7167948881785073
seg_4729a7,4.381383101145427
seg_2a0afc,4.30034605662028
seg_2fe382,4.771049870385064
seg_5765b6,6.714792092641194
seg_db90c0,5.043825281990899
seg_071067,3.4264775117238364
seg_ef47c4,10.033845318688286
seg_032822,5.387506326039632
seg_ab15ad,7.160783078935411
seg_afadfb,7.732284863789876
seg_65b962,4.700208399030897
seg_304df5,9.390743414560953
seg_1b1ad8,4.988151497311062
seg_902074,8.456247806549072
seg_0fc67a,9.871360143025717
seg_a5d37f,2.6855795913272433
seg_52c139,9.681519720289442
seg_b691c5,2.3026945458518133
seg_c65135,3.9125600390964084
seg_12ac20,9.825610637664795
seg_f02d32,6.715382523006863
seg_cc096e,10.010846879747179
seg_97e4a9,10.836986223856607
seg_8c1e7d,2.904641283882989
seg_c5064e,9.307493633694119
seg_421a96,6.204935444725884
seg_0e7cc5,7.951075394948323
seg_c5325c,9.468064308166504
seg_0c9aa8,9.919694211747911
seg_ffe7cc,10.030878596835667
seg_259d65,4.302245457967122
seg_60277f,5.000228669908312
seg_c42952,7.300593164232042
seg_659ff8,4.4957445992363825
seg_f96d5a,8.362490389082167
seg_22e509,4.002095143000285
seg_0fd3ff,3.512875556945801
seg_3788c5,9.933756086561415
seg_46c6d3,9.110180536905924
seg_a68ffb,6.540387895372179
seg_7ed2dd,4.759303569793701
seg_425462,4.8549873034159345
seg_0f8961,11.095348782009548
seg_2c5e9f,8.148452123006185
seg_a5934a,11.055947515699598
seg_0d13a7,5.947866333855523
seg_05bef4,3.194055928124322
seg_9ad925,9.488610903422037
seg_8b798b,10.781135771009657
seg_48b545,8.374599350823296
seg_39a886,6.683323436313206
seg_1e677e,4.519940985573663
seg_b0bf65,3.2480895254347057
seg_69787a,6.07520416047838
seg_aa78e0,7.046954684787327
seg_1c904f,2.731283571985033
seg_ba9dbf,2.901526437865363
seg_d098df,8.82755454381307
seg_b21273,6.166368113623725
seg_643d1f,6.4503793186611595
seg_cf1371,4.000607119666205
seg_945bc8,6.199878957536486
seg_53caf1,8.421686755286323
seg_72ebda,6.499327924516466
seg_d26f7d,9.090943336486816
seg_03d386,2.7447138494915433
seg_66b7c3,8.240737544165718
seg_f9e4f2,11.486628002590603
seg_696621,5.095808903376262
seg_bdf84b,6.126094023386638
seg_214492,3.4791022406684027
seg_9a92db,6.212343321906196
seg_aabc52,12.033896128336588
seg_6e1ee7,8.372953097025553
seg_91f664,3.78155247370402
seg_0b9ba3,10.91693009270562
seg_6a4ad1,11.09974193572998
seg_229eda,7.1453226407368975
seg_8d6a7d,3.887882047229343
seg_c52ae6,2.107853783501519
seg_41f45e,8.178737693362766
seg_1baf33,4.645923323101467
seg_e9df42,7.913331137763129
seg_eb0b19,9.604959275987413
seg_2cdbe3,4.470118602116902
seg_d5f344,3.688405063417223
seg_293dc2,4.100653383466932
seg_cc667b,4.158251418007745
seg_759fb1,6.343343045976427
seg_f2cb5e,4.906259695688884
seg_376908,2.4359177350997925
seg_86cfe9,9.517921977572971
seg_92a5f1,6.5785388416714135
seg_f6c0cb,3.8687512079874673
seg_e6c973,8.133621321784126
seg_50a667,3.5082666079203286
seg_1d11e5,4.72866153717041
seg_76e914,5.533459186553955
seg_115617,3.981401178571913
seg_065588,5.856423377990723
seg_457234,11.555877367655436
seg_ed07b0,6.000125249226888
seg_61219c,5.795114570193821
seg_9e3837,4.0871300962236194
seg_e9aa44,9.092177867889404
seg_fb4c26,5.719665898217095
seg_ef660a,9.798425674438477
seg_fbf17a,7.958408938513862
seg_9ca72e,4.501225021150377
seg_979a8f,4.179145256678264
seg_a47cce,7.7508859104580345
seg_ae3388,7.989931477440728
seg_c5fc3b,10.223143577575684
seg_0144cb,5.075449466705322
seg_0cf651,3.044447978337606
seg_2abd33,3.642277717590332
seg_49336f,4.29719712999132
seg_b80366,7.526610957251655
seg_beb650,6.9226855172051325
seg_23b123,11.308874871995714
seg_04ee93,8.857177045610216
seg_ada81a,10.023799737294516
seg_419531,8.451828638712565
seg_e0f296,9.627551873524984
seg_073696,9.66455470191108
seg_8fb0d0,6.926710711585151
seg_95f45e,9.68691603342692
seg_8785e2,6.496847682529026
seg_6d4fa6,4.744094822141859
seg_715ff6,8.229531606038412
seg_086a61,11.264618555704752
seg_efc5fb,7.885088284810384
seg_db6d5f,6.420590824551052
seg_0cca14,4.5960642496744795
seg_6a05e7,5.533987257215712
seg_db3fbe,11.294164021809896
seg_2d3828,6.420724444919163
seg_ced992,2.3206850025388928
seg_6f17de,2.30423276954227
seg_293dbf,4.88720358742608
seg_e59dca,9.340396828121609
seg_5254ce,9.684965981377495
seg_a0a423,2.390557712978787
seg_59818b,7.6380552185906305
seg_263fb3,3.843121608098348
seg_25cca7,7.148947874704997
seg_1201e8,5.096888171301948
seg_004ee5,5.874609682295057
seg_e3005e,5.117318020926581
seg_74fcfc,10.728998714023167
seg_cd2b34,5.128962622748481
seg_f1b916,2.5762206183539496
seg_97d9ed,8.782648510403103
seg_b108c9,5.57590569390191
seg_71f571,3.7924640708499484
seg_7f93b2,3.8810858726501465
seg_355d19,9.976315551333958
seg_238242,8.672218163808187
seg_c0ea9f,5.950252585940891
seg_123dd4,5.931931893030803
seg_51f0a2,4.135654793845283
seg_509d55,5.18254558245341
seg_d14524,5.002360370424059
seg_19e1ff,7.027524047427708
seg_724df9,2.042450507481893
seg_9c8162,6.760107888115777
seg_d4dec8,7.011734167734782
seg_746d1d,5.366261164347331
seg_218049,3.8494210243225098
seg_a88097,11.262951427035862
seg_017314,7.6327320204840765
seg_4ce234,6.690949334038629
seg_71238c,8.4515577422248
seg_268956,5.584881517622206
seg_8773cf,3.7792896694607205
seg_8fb29e,9.47998015085856
seg_c8459f,8.2681016392178
seg_bd629b,5.929911772410075
seg_7bb771,3.2997346189286976
seg_a39fa8,11.191132333543566
seg_fe70c0,8.675751421186659
seg_e2209b,5.470355245802137
seg_ad759c,3.5868371062808566
seg_1c401b,8.12738127178616
seg_0e3739,5.585642443762885
seg_83dc2e,10.635482682122124
seg_3d9aa0,4.083673556645711
seg_683ddf,4.594886408911811
seg_99f677,5.06451416015625
seg_311499,2.5071718427870007
seg_112b81,8.322985702090794
seg_dad4f2,7.006794558631049
seg_e81b50,5.3683450486924915
seg_919c5c,5.000770515865749
seg_622e9d,3.283637603123983
seg_3f5be6,5.25843964682685
seg_961d02,5.103273232777913
seg_d8014d,5.4473520914713545
seg_75654d,5.58068233066135
seg_e00465,9.099317179785835
seg_185ad6,9.252535184224447
seg_8da61a,7.437973181406657
seg_d9b162,7.754572709401448
seg_8baeab,5.253297726313273
seg_32d747,5.972692383660211
seg_6e12ae,5.248990058898926
seg_607559,7.5993416044447155
seg_496d07,4.373875141143799
seg_7d2535,2.795523855421278
seg_5eb380,4.872775766584608
seg_3340b9,5.850274244944255
seg_45e062,8.279472668965658
seg_4f83a3,7.842225869496663
seg_20a990,3.9746821456485324
seg_6eedcc,8.410163508521187
seg_be4612,10.226423263549805
seg_da8b88,4.715221219592625
seg_f1f5b9,2.863229407204522
seg_2099f4,6.889484988318549
seg_90bf60,10.40547423892551
seg_4ae37c,7.425906181335449
seg_876904,7.236937204996745
seg_eabb2c,10.618485450744629
seg_a55a17,4.342906210157606
seg_12ee6e,4.43919022878011
seg_29d4c6,10.887432734171549
seg_71c9e9,5.143248134189182
seg_3af649,5.94647921456231
seg_b02e31,8.37017101711697
seg_db3446,9.181279023488363
seg_561cf4,1.9755376047558255
seg_fea3e2,7.003020551469591
seg_a99161,5.38658512963189
seg_c20a27,6.745031674702962
seg_4d5a4a,3.7903641859690347
seg_33c30d,3.5599553320142956
seg_4ab7bf,8.895386166042751
seg_4c65e6,9.361816936069065
seg_fd374e,5.3787449730767145
seg_1f5240,3.4807560443878174
seg_6d6fad,5.17750358581543
seg_aa7a4b,7.379961755540636
seg_23fe27,7.763891908857557
seg_2e50fb,4.67794844839308
seg_86d847,10.26664267645942
seg_b291c0,4.809215148289998
seg_f11620,5.05246623357137
seg_d795ab,7.665389272901747
seg_de9e32,9.959417978922525
seg_f7d792,2.018599960539076
seg_9ab405,1.871633980009291
seg_f7de40,9.90860981411404
seg_4b0839,2.737517648273044
seg_8e6a3f,8.03245046403673
seg_016cdb,5.2076173888312445
seg_ce46ba,2.751470194922553
seg_3adb1a,4.6575292746226
seg_c3507f,5.26677581999037
seg_741fc1,8.844985802968344
seg_cd2b53,2.465858075353834
seg_b89e47,3.3059922324286566
seg_59de0b,1.5038890971077814
seg_a80f6f,6.529995865292019
seg_b13fb9,6.504029432932536
seg_63130f,10.33931499057346
seg_7a9f2b,1.2070835961235895
seg_8d135f,9.18566444185045
seg_0ba585,4.535921388202244
seg_7c2beb,9.69156911638048
seg_90b174,2.5400407711664834
seg_d1a8b3,3.4352327982584634
seg_c9481f,6.015766355726454
seg_95b321,2.8311278025309243
seg_222c5f,2.751032034556071
seg_5f355e,8.09818591011895
seg_264c7d,7.6123050053914385
seg_e71dda,6.175880432128906
seg_634f05,2.611726999282837
seg_62a403,8.934484640757242
seg_0dcc40,5.949748939938015
seg_8cdf83,5.175923983256022
seg_3452b2,4.854957898457845
seg_5759c9,7.828589174482557
seg_00a37e,3.8783937560187445
seg_40f810,5.210769414901733
seg_003339,8.7612517674764
seg_6b2ce0,7.445602893829346
seg_950048,5.1796435250176325
seg_b6cb2b,3.774308443069458
seg_e66697,5.179460525512695
seg_091c9d,9.408344480726454
seg_922914,4.734193245569865
seg_0488a1,6.742207845052083
seg_0620e6,7.658661895328098
seg_6eb146,9.476046509212917
seg_629822,4.860343270831638
seg_6dd0fc,4.971889548831516
seg_e5deec,5.622498300340441
seg_7c88d1,3.9854965209960938
seg_d36737,3.317149904039171
seg_d7f53a,4.175091319613987
seg_31064b,2.3174769348568387
seg_6153ca,9.381574524773491
seg_0b082e,11.141943295796713
seg_5165a4,7.037020630306667
seg_725e84,2.851275602976481
seg_2642d0,5.930937925974528
seg_0e1370,2.172643502553304
seg_a173d8,4.215175284279717
seg_d78e7d,1.636858383814494
seg_07c815,4.892877684699164
seg_395e0e,10.015593846638998
seg_a31fe3,8.288811047871908
seg_e34052,4.504273679521349
seg_ec73d5,4.804767926534017
seg_335170,2.8816292021009655
seg_8db6f0,8.544167412651909
seg_d3d8fc,4.431694957945082
seg_cf25d2,5.489468945397271
seg_f6bae8,5.327007081773546
seg_122ba9,4.502815670437283
seg_e3ca24,9.381783538394505
seg_447b8b,10.95762464735243
seg_5cfba9,9.347822030385336
seg_1bd38e,8.861365265316433
seg_0d04b9,4.839024702707927
seg_35ee83,5.465639432271321
seg_484901,4.800076484680176
seg_1b2298,7.737678792741564
seg_f734c8,9.505081918504503
seg_53e645,7.2023306422763405
seg_9940e8,10.386530876159668
seg_643f86,9.482573403252495
seg_70b375,7.487056361304389
seg_c6f0a2,2.84979248046875
seg_0b48c4,3.8081029256184897
seg_48a4b3,8.02695820066664
seg_f0cedb,7.573843002319336
seg_9c2843,3.2599987983703613
seg_c47bdc,6.416303263770209
seg_05b66a,8.310725529988607
seg_ce5832,4.734093904495239
seg_709b6a,10.406608369615343
seg_061a33,8.722510496775309
seg_158691,4.686641216278076
seg_f5a4ee,10.080222288767496
seg_58e9f9,10.129160669114855
seg_5e0902,4.308844804763794
seg_af1650,2.9938314490848117
seg_9c635d,10.031053755018446
seg_2f9336,6.601258330874973
seg_1a671a,5.100296391381158
seg_6b536d,4.910714361402723
seg_6f2222,3.69277384546068
seg_2d5544,6.023070123460558
seg_b5aee9,6.4391542010837135
seg_655780,4.260248449113634
seg_2383c2,6.839053153991699
seg_1010ad,9.710005866156685
seg_ceb942,2.6908084948857627
seg_a8bb2f,4.034410821066962
seg_7c6c31,10.2153689066569
seg_a16a1b,3.271896574232313
seg_1a8f0d,4.728637827767266
seg_d56d32,7.783534685770671
seg_c666dd,5.969110276963976
seg_b402ac,5.955581506093343
seg_74235f,5.6281471782260475
seg_78addc,8.346163484785292
seg_4cb0d7,5.14573335647583
seg_13468a,5.020085626178318
seg_76106f,10.459565904405382
seg_b0cf32,10.186988830566406
seg_7630c5,11.982562277052137
seg_974049,4.818381600909763
seg_ab2a78,4.371201594670613
seg_279725,9.081321557362875
seg_e6307f,9.937946107652452
seg_a7e49b,6.407585038079156
seg_1fe311,11.60057799021403
seg_01ecb0,4.291717529296875
seg_f6828d,2.896121210522122
seg_b6254c,5.252081871032715
seg_26a2a0,0.7087445755799612
seg_434c96,3.2134609752231174
seg_e40348,7.066621780395508
seg_392019,6.894689983791775
seg_31a51f,3.6698014206356473
seg_da80c4,11.274010870191786
seg_827a21,4.506433142556085
seg_533613,8.832839224073622
seg_007a37,5.219686985015869
seg_727fc7,5.283602979448107
seg_bff05e,9.52229897181193
seg_455b16,5.227297067642212
seg_2fb672,9.76531982421875
seg_9fc7c2,3.8692603641086154
seg_854d91,11.417284647623697
seg_aee7c0,8.144596947564018
seg_06bbc5,2.860784027311537
seg_3a22ac,4.079821798536512
seg_00c35b,8.745253986782497
seg_818382,6.796620104047987
seg_168d1c,7.545729796091716
seg_98a819,6.822033988104926
seg_1e0523,4.64652403195699
seg_b687fc,4.909595939848158
seg_20b8d0,6.098891311221653
seg_3aca44,2.8063864178127713
seg_b35174,1.289371622933282
seg_cecd29,7.105723063151042
seg_1e61d6,1.8261779414282904
seg_398a25,5.360042730967204
seg_486973,5.215080155266656
seg_0165c6,9.748741096920437
seg_60ab20,10.65258142683241
seg_4c12b2,3.4045377704832287
seg_a56c04,3.480318784713745
seg_8f1127,2.2000387244754367
seg_a2d47d,5.459996806250678
seg_7f786b,5.495884683397081
seg_f6cfd4,7.847066720326741
seg_f86c41,4.987913820478651
seg_23efb0,5.81293789545695
seg_89eed6,4.021359973483616
seg_e65e69,5.124352269702488
seg_529be4,5.491469913058811
seg_53a5fd,5.364220857620239
seg_8d030a,5.0657605859968395
seg_970b35,4.291946570078532
seg_2f9581,4.770265844133165
seg_b4c040,5.261797693040636
seg_14f5f0,8.828291204240587
seg_2916e3,9.459017170800102
seg_0c8502,10.79357189602322
seg_fb11ba,7.258805751800537
seg_428d66,4.765775548087226
seg_75c34b,3.1175288359324136
seg_82d7b6,4.501420127020942
seg_e13bd8,5.278998321957058
seg_61f504,5.521259784698486
seg_913ffc,6.706607394748264
seg_5090fa,6.980787171257867
seg_512b3e,8.608264128367106
seg_495573,10.40592892964681
seg_c01d9a,10.485312037997776
seg_1e0b82,7.886640442742242
seg_00e5f7,6.2760312292310925
seg_304581,5.623432795206706
seg_fd8add,7.332681761847602
seg_1c4e72,6.111030949486627
seg_98c544,4.540890455245972
seg_60df2a,7.238687780168322
seg_27ff17,5.503316720326741
seg_8dd3ba,4.777816666497125
seg_f6c928,8.428091631995308
seg_986976,5.810083654191759
seg_58d52d,9.649636427561441
seg_93f935,5.515271875593397
seg_30661b,5.190191427866618
seg_c654e7,6.487767696380615
seg_0c3943,4.098748392528957
seg_3c8545,2.484926462173462
seg_a7b454,4.542201439539592
seg_610379,5.380117045508491
seg_ca6d70,2.550172050793966
seg_ff0f1b,5.570386197831896
seg_0ebfd9,6.7578390969170465
seg_725772,8.58288288116455
seg_d36055,8.758861594729954
seg_3cfb73,10.288636631435818
seg_180481,6.114993572235107
seg_3e87b4,3.2758044401804605
seg_634180,5.1258955001831055
seg_468bc9,10.191939247979057
seg_23bdf9,7.1855005158318415
seg_a18246,8.25689591301812
seg_931244,10.55045551723904
seg_592807,8.45747783448961
seg_6df48e,8.242926438649496
seg_d9a2bb,4.880631314383613
seg_75a878,5.6563867463005915
seg_c747ad,9.745172288682726
seg_753190,7.866964234246148
seg_907c52,6.2958717876010475
seg_c7a3bc,3.1013044516245523
seg_80fb86,6.69764953189426
seg_a11dd5,3.8836982515123157
seg_b44c2e,6.7380978796217175
seg_7428e7,6.978347301483154
seg_e10d3b,10.234451082017687
seg_5311d1,2.5040410492155285
seg_37669c,1.8211049371295505
seg_266805,5.7162496778700085
seg_0c247b,6.590641604529487
seg_fe5945,4.343627585305108
seg_8bde47,8.454832500881619
seg_9df32d,4.8544793128967285
seg_81bebd,8.796203454335531
seg_a420d4,3.5175895161098905
seg_df0df7,9.250236882103813
seg_ba2c48,3.8574851089053683
seg_734a88,10.015373282962376
seg_327ed4,4.55743768480089
seg_944c98,3.246812184651693
seg_c18d5a,5.308251645829943
seg_7cef95,7.495502630869548
seg_d7ab50,4.007713794708252
seg_80b9b4,7.7113404803805885
seg_49d84b,6.950535138448079
seg_a82229,7.555217478010389
seg_0bb5fd,4.798513412475586
seg_b686e5,4.102520783742269
seg_f80e44,6.4602041774325905
seg_0775a7,4.326889170540704
seg_ce7537,2.7376052141189575
seg_b9bdd7,5.4598373307122126
seg_6d36a1,10.020585907830132
seg_adf94a,2.5407969421810574
seg_cdadb5,9.02558003531562
seg_687a5c,2.235111263063219
seg_5975f4,4.72747868961758
seg_fd6340,5.4404586686028376
seg_4d8f0f,5.216802914937337
seg_750244,8.1375199953715
seg_2e9a47,7.668825096554226
seg_d3bb14,2.6791007916132608
seg_59cd7d,3.042055050532023
seg_00184e,4.94039691819085
seg_3878d0,3.128740602069431
seg_6d4109,8.18002594841851
seg_56ebc7,4.382372856140137
seg_b91011,6.524617089165582
seg_266c6e,5.648658434549968
seg_a6eed3,4.276425414615208
seg_fcb7d0,11.444998847113716
seg_fbe3c2,6.445623768700494
seg_702e03,3.9517835776011148
seg_d6dad6,7.157016701168484
seg_bd4d30,5.035993470085992
seg_0e4833,10.1814333597819
seg_b735a5,7.172353055742052
seg_5bd9ae,4.9925187428792315
seg_5ec0e3,9.031975746154785
seg_72aba8,4.98435804578993
seg_570a20,4.641371832953559
seg_89d8a0,4.665253771675958
seg_580b65,8.362750371297201
seg_f01368,7.389316399892171
seg_3cba49,6.999237166510688
seg_b9619c,6.489368385738796
seg_e3b1f1,7.125250604417589
seg_9ae1a1,8.295857217576769
seg_b77bf5,10.185743861728245
seg_060ce4,3.1063840654161243
seg_eccb17,2.286143488354153
seg_0b9ad8,9.000880665249294
seg_d2a533,5.722940550910102
seg_ac68bb,2.0631361405054727
seg_dcb51d,5.1762614250183105
seg_18f853,5.17127169503106
seg_ade769,7.946652889251709
seg_0981f3,3.3989186022016735
seg_179d90,6.938024891747369
seg_57ea44,3.850518994861179
seg_0ba210,11.08176687028673
seg_140bc5,3.609087493684557
seg_9e7dff,3.030664073096381
seg_db4185,4.29315283563402
seg_268249,6.581405480702718
seg_78fc4b,8.033470524681938
seg_9caf50,10.066681967841255
seg_fd9ac1,4.96931701236301
seg_4d53c2,9.350531313154432
seg_c9f80a,4.78726699617174
seg_4587bb,7.879493448469374
seg_8ae847,5.779610951741536
seg_5887a8,9.783027648925781
seg_8c1cca,5.4449136522081165
seg_597bd6,8.039985762702095
seg_524b39,6.687717384762234
seg_8cd159,2.8775481118096247
seg_1084af,6.536000940534803
seg_4b4ffb,4.518125984403822
seg_2e917f,6.379981888665093
seg_30ad2a,2.1992618905173407
seg_373ba6,4.292224884033203
seg_6da1ff,6.467449135250515
seg_2a2f1e,6.253646161821154
seg_a802fa,8.191020965576172
seg_b917b5,6.6039042472839355
seg_5f0a92,5.872781329684788
seg_025e78,5.3599664900037975
seg_b1fea8,4.579673263761732
seg_92bd37,5.50873523288303
seg_d6b198,4.217363119125366
seg_63d651,4.786996629503038
seg_9485c0,5.343243228064643
seg_739643,6.759626706441243
seg_3edf51,4.504206471972996
seg_2c3203,3.020031544897291
seg_20cc25,2.1960827244652643
seg_bb6904,2.2815118630727134
seg_411225,3.584807925754123
seg_90a0be,2.228222370147705
seg_b26368,4.627429538302952
seg_5a67b5,10.080588976542154
seg_7b3017,10.70836607615153
seg_310230,3.834515545103285
seg_3b7175,5.173550128936768
seg_ea098b,9.443807072109646
seg_ea8270,9.917116906907824
seg_01c775,8.597519821590847
seg_715e2c,7.436881489223904
seg_a1e5b0,6.182001537746853
seg_f741af,5.824736436208089
seg_750e7e,7.39211204316881
seg_bd40f2,9.327866713205973
seg_84c7fb,5.994398434956868
seg_8ebdea,9.357808113098145
seg_7fac26,10.38327725728353
seg_dc23c0,10.050063345167372
seg_aaa2ae,2.366904033554925
seg_a39ebc,4.640585131115383
seg_919a6a,3.633006943596734
seg_d68930,10.69141345553928
seg_d516e3,7.640664047665066
seg_890181,7.2025795512729225
seg_1a8f2c,8.75013091829088
seg_9f7542,8.24023856057061
seg_d9dab4,10.786495950486925
seg_25c8dc,7.492950439453125
seg_bf58ce,8.148744424184164
seg_004f1f,5.565580315060085
seg_d1abaa,12.043104489644369
seg_5e8ef4,7.7235307693481445
seg_73b0f7,8.957517200046116
seg_f9eea3,5.780314922332764
seg_ed3e4c,8.679967615339491
seg_83f476,6.430300288730198
seg_c365de,2.269541343053182
seg_18f633,2.217373808224996
seg_a58a6e,3.643174754248725
seg_6e98aa,5.612138483259413
seg_fde767,5.711249298519558
seg_55a9a4,7.387237071990967
seg_447972,5.109213405185276
seg_369570,5.278045707278782
seg_4d0008,5.523518721262614
seg_c46ce6,3.4464556641048856
seg_94aa0a,7.311005645328098
seg_9a9041,7.465990490383572
seg_5f352e,2.939928902520074
seg_85e90e,7.70509507921007
seg_cc4932,8.12010277642144
seg_e1a9e0,8.782579369015163
seg_5255c0,9.217460950215658
seg_63c9a3,4.243737247255114
seg_aa0180,2.607005145814684
seg_87a67a,5.437654389275445
seg_70edf5,7.751260863410102
seg_c627fc,9.199970404307047
seg_be62ef,7.509811507331
seg_7d2e57,7.726663801405165
seg_cd352f,9.927990754445394
seg_2c762c,7.4996532864040795
seg_a5271e,3.3359702693091497
seg_48a80c,4.0956675211588545
seg_efbf3e,6.834838814205593
seg_c60dca,5.002083486980862
seg_c2a0c8,3.89094344774882
seg_92092a,4.1603644953833685
seg_29c906,5.39809184604221
seg_cc4199,11.214677068922255
seg_2f8f6d,7.152744028303358
seg_69a230,5.471935643090142
seg_5c530f,3.551811854044596
seg_419b2a,8.377163092295328
seg_814b1f,1.9850451548894246
seg_39ad50,2.4916580782996283
seg_cf3825,3.000124520725674
seg_bbf805,5.100891855027941
seg_a99799,2.464000145594279
seg_c07b7c,3.3361279434627957
seg_0cb81b,3.517861975563897
seg_146926,10.615368525187174
seg_1ebe6b,3.697270154953003
seg_5c8ae5,5.238051811854045
seg_3631ec,4.8493867715199785
seg_73858d,9.982224994235569
seg_31d7bf,2.47903041044871
seg_0c4e31,2.1563242276509604
seg_91bf8c,3.4303944640689426
seg_857304,5.2237943808237715
seg_d9bb68,7.238883389366998
seg_c6b514,2.935658958223131
seg_d42c77,7.827576637268066
seg_478327,6.982253339555529
seg_c106ca,4.251328892178005
seg_6e572a,4.907880094316271
seg_9a74d8,4.957264449861315
seg_ed7741,10.094578001234266
seg_9a8a1f,1.9203034241994221
seg_153d6a,11.576361974080404
seg_c5256d,7.082952764299181
seg_e27c0a,4.75021759668986
seg_19515c,5.905622164408366
seg_e405fe,4.137934525807698
seg_9b0439,6.073285049862331
seg_ee8f87,5.894992616441515
seg_0eb333,2.0978687736723156
seg_d07c62,2.9615328311920166
seg_e8bcde,3.3535730044047036
seg_4a9e8d,8.790817578633627
seg_e49750,5.759381400214301
seg_7012af,9.138975620269775
seg_1827c5,8.723389148712158
seg_e742dc,11.820653385586208
seg_e41fc9,5.800564606984456
seg_660fe1,3.638532532585992
seg_184222,5.5098329120212135
seg_304b87,4.850575182172987
seg_899bf0,3.914874235788981
seg_0c89ce,6.438486893971761
seg_952faa,3.638720300462511
seg_4abc29,2.4764708942837186
seg_586726,3.7652892536587186
seg_89791c,5.363686190711127
seg_0b76f5,11.28031455145942
seg_0d0250,4.620118300120036
seg_326eb7,5.572434425354004
seg_e5e238,3.8354910214742026
seg_b0a794,2.980846881866455
seg_2f8e19,7.3963889016045465
seg_82316b,4.505509535471599
seg_e40d64,8.32743067211575
seg_63c518,2.3581593698925443
seg_a45455,5.382921642727322
seg_74b3bd,7.487600909339057
seg_812a50,5.900942219628228
seg_d398df,6.327694522009955
seg_35b009,5.285855346255833
seg_166f70,9.212034437391493
seg_e4f203,5.75078821182251
seg_170684,10.377004835340712
seg_e72f10,8.507660759819878
seg_d41daa,8.57146045896742
seg_306756,7.370649231804742
seg_a8e71a,4.880006154378255
seg_27de37,8.29899713728163
seg_4185b3,6.267333295610216
seg_d328bb,3.6517422993977866
seg_a84c13,3.2120688491397433
seg_fbff25,2.6315821409225464
seg_f70b66,6.232098738352458
seg_cee7d0,10.945805655585396
seg_dd780d,4.578973054885864
seg_4ba3d1,7.9477189381917315
seg_e90c0d,6.439444382985433
seg_377134,5.729207833607991
seg_05a1b0,6.317435635460748
seg_3d06cc,7.221415943569607
seg_8fb828,10.252151065402561
seg_461b63,5.57424094941881
seg_ad3a44,4.393419795566135
seg_0a45a1,3.1603926287757025
seg_adf986,6.780678696102566
seg_3319b5,8.591075367397732
seg_59eb97,5.893193191952175
seg_25b38a,7.410850577884251
seg_9825e0,6.671777513292101
seg_758374,3.1127289798524647
seg_a1d8da,7.2873771455552845
seg_e98217,3.7351430786980524
seg_10c09d,10.573658307393393
seg_ceab44,6.159838941362169
seg_de3237,7.442728095584446
seg_c0c0ed,6.125539355807835
seg_90ef18,9.665563795301649
seg_dc188b,5.704507509867351
seg_343571,8.687071482340494
seg_dff078,6.019412676493327
seg_ed7f69,3.575112263361613
seg_89b090,1.8169676065444946
seg_827804,4.98412201139662
seg_01a8dc,5.321103784773085
seg_90e904,1.9844329489601984
seg_3a1600,4.7741752465566
seg_b853c1,8.403361214531792
seg_121446,8.498610019683838
seg_3fdae0,7.389003488752577
seg_a8ddf7,4.4596716033087835
seg_8d4435,4.923494815826416
seg_d21066,5.655226177639431
seg_521a88,7.8762898445129395
seg_2dc6ff,1.5371640125910442
seg_7a9228,4.372505161497328
seg_03d680,9.380712350209555
seg_0d540e,3.2685730192396374
seg_31c0f4,10.301793310377333
seg_e1daa0,8.407015323638916
seg_76f3f2,10.034996774461534
seg_f3063a,6.374157640669081
seg_4401d8,7.494038846757677
seg_8456d3,2.9674157566494412
seg_4dfa03,2.7605600357055664
seg_c4af54,4.571742057800293
seg_9c6715,4.514765898386638
seg_d39131,9.339714156256782
seg_3e00cd,10.90334447224935
seg_6c309f,6.171121703253852
seg_ba3e74,4.606982125176324
seg_fc57d4,2.2255483203464084
seg_ec4645,5.599934154086643
seg_82c138,7.225196467505561
seg_18d307,1.7510676119062636
seg_0bc877,2.715072658326891
seg_d1a281,5.177945666842991
seg_790108,7.7864670753479
seg_9f57c4,8.435675197177464
seg_836aac,5.209463278452556
seg_b5a447,6.485451486375597
seg_7c10c1,4.023884428872003
seg_65f01e,10.668342590332031
seg_703cea,7.495427078670925
seg_f57ca1,10.27869070900811
seg_e53a52,5.068968931833903
seg_7211f1,6.945359971788195
seg_7ef97b,4.902481741375393
seg_6d35cd,2.197956164677938
seg_49fdf0,8.956185976664225
seg_8ce632,4.82638152440389
seg_f650cc,3.559557570351495
seg_8a8375,8.981870439317492
seg_91f512,4.511115365558201
seg_75438e,6.572972774505615
seg_ec0e7b,6.961296028561062
seg_63c13d,5.882196956210667
seg_30501b,10.051046795315212
seg_1bf7b3,3.5221533245510526
seg_1a0e94,10.925915400187174
seg_2cadc0,6.613595962524414
seg_ea4d3a,8.118069065941704
seg_8f4654,6.454767598046197
seg_83f89e,8.326281229654947
seg_ecdca4,5.6685010062323675
seg_117278,5.641388045416938
seg_c183e4,4.188850137922499
seg_708349,9.795685238308376
seg_c70fde,7.418625672658284
seg_738be6,2.8139735327826605
seg_96db5e,5.5062545670403376
seg_94a133,5.274952676561144
seg_195eda,6.173866589864095
seg_d9750c,5.580468389723036
seg_8509db,5.235192272398207
seg_b3883e,6.369956705305311
seg_bf2d1f,8.283173455132378
seg_7b2994,3.3367828792995877
seg_79e301,4.045652283562554
seg_9a7d1d,2.8030390077167087
seg_d320f5,4.145877149369982
seg_a7d0eb,5.20672443177965
seg_f342a3,3.5932756529914007
seg_6968c8,4.552280108133952
seg_abc5fd,9.147516356574165
seg_74d58a,9.810441970825195
seg_8dd2ab,2.50882715649075
seg_b54024,3.8538850943247476
seg_7ebdc3,4.867454793718126
seg_4db997,4.034300353791979
seg_d247da,5.8126528528001575
seg_b9ec4b,2.6857491466734142
seg_bd2b0c,5.748300976223415
seg_a87e79,2.1406000322765775
seg_3506d6,3.447210497326321
seg_b253ee,4.558616028891669
seg_59e1db,8.244325002034506
seg_90ec68,10.137717988755968
seg_abda04,9.249384032355415
seg_b51b7c,5.2624832259284124
seg_9a81a3,7.357016775343153
seg_c3f8d7,5.261528015136719
seg_9a6025,6.824193212721083
seg_6dac5d,10.088578118218315
seg_3234ca,4.097728808720906
seg_0dae4b,4.85449202855428
seg_85fb0a,2.226175175772773
seg_67599b,6.809033817715115
seg_3cbccf,5.134589142269558
seg_337b8c,5.226497067345513
seg_dd0b11,3.6824193795522056
seg_586c0f,5.255596531762017
seg_9757ac,8.83197185728285
seg_d24095,10.06836297776964
seg_37f3fb,3.9033245775434704
seg_57908c,4.934886720445421
seg_b7a8a1,7.072671572367351
seg_63c8e4,9.946867201063368
seg_967ae4,8.31156916088528
seg_4adeda,8.97317165798611
seg_9b7f93,4.87219434314304
seg_cd0691,2.6913080745273166
seg_56e6f1,5.99782657623291
seg_ab4bca,2.936724901199341
seg_2a6343,8.046732001834446
seg_b3cf21,5.666590001848009
seg_c09a41,4.375539514753553
seg_ba83da,6.0835592481825085
seg_81c432,3.504280196295844
seg_f0ce4a,5.51137129465739
seg_abb03a,6.144355297088623
seg_c550b1,10.075579749213325
seg_04b87a,9.15559975306193
seg_16c3a7,4.4062868224249945
seg_8be76c,2.3064381413989596
seg_a009e6,7.85022513071696
seg_f865be,2.7906967798868814
seg_bca500,6.139839755164252
seg_77df38,8.335352897644043
seg_f5a6ab,7.720537927415636
seg_66ed4d,2.612840043173896
seg_11860f,6.354834927452935
seg_3d19fc,4.3837295638190374
seg_94ecad,8.907879405551487
seg_3fc7ca,9.837064425150553
seg_de8180,3.0722534391615124
seg_4acc4b,5.115112119250828
seg_e92526,4.921463489532471
seg_2aa101,2.2171483039855957
seg_eb47a9,2.4372420840793185
seg_cd43b4,7.434881316290961
seg_934087,5.167628500196669
seg_9d57a1,6.505559550391303
seg_c5f986,5.005553325017293
seg_ea78c0,6.9692248238457575
seg_8be2da,8.09767903221978
seg_18096a,8.000969833797878
seg_a06228,7.772704124450684
seg_91cff2,3.152508325046963
seg_eb692c,11.215488327874077
seg_f4ad4b,5.864086521996392
seg_295b1c,8.762650065951878
seg_2f5695,4.729928731918335
seg_32f3a9,6.103173149956597
seg_6074f9,4.719726350572374
seg_00f3b9,3.125460386276245
seg_2597af,5.350235303243001
seg_c186dc,5.0951498879326715
seg_ef779d,3.963957839541965
seg_ff7478,7.2160922686258955
seg_dc5e63,2.354762395222982
seg_21faa9,11.66422865125868
seg_fa9f00,5.024313767751058
seg_14c8ce,8.339709864722359
seg_ee7224,2.6848561498853893
seg_440106,9.748056199815538
seg_f2f5a3,2.8356094625261097
seg_c6f9c2,3.312398142284817
seg_4848e3,5.214592907163832
seg_7d718e,8.694113466474745
seg_d508db,6.909498479631212
seg_004cd2,8.65339798397488
seg_585872,7.983461485968696
seg_76f1af,2.8032333056131997
seg_a53e4c,5.7391504181755915
seg_fa488e,4.016934474309285
seg_158764,7.643726189931233
seg_a6cd86,4.538348409864637
seg_b9d8a0,7.516489717695448
seg_30da11,3.982410748799642
seg_3b30fd,10.64344204796685
seg_c35940,2.9758218129475913
seg_55b566,2.065047171380785
seg_de98fa,4.2453939119974775
seg_e8385f,8.748334407806396
seg_d740b2,10.498390409681532
seg_98be13,6.141795052422418
seg_f579ba,4.547303173277113
seg_272a47,2.042188697391086
seg_20cbac,4.144152482350667
seg_cc4950,2.448396192656623
seg_a93a88,9.373477194044325
seg_4f48b4,1.8484927813212078
seg_460436,8.799217594994438
seg_161f5f,2.348429136806064
seg_afa4a1,8.159943050808376
seg_10f3a6,3.9394701057010226
seg_461ab5,4.68373097313775
seg_29a073,5.718081739213732
seg_ca44a8,5.423886775970459
seg_a31d6e,8.334665669335259
seg_d2ad9a,1.9174620178010728
seg_1afa29,4.28749598397149
seg_4e3bd7,2.76968871222602
seg_50b048,6.6551923751831055
seg_762188,9.397566477457682
seg_f8db0a,3.8287571801079645
seg_d0c8e2,4.211928870942858
seg_786ff6,7.890938758850098
seg_dbc615,2.7736640241411
seg_24c078,7.426786422729492
seg_6f650f,9.64320903354221
seg_5ed47e,7.676377561357286
seg_8353f5,11.549551539950901
seg_85e9c6,8.490389982859293
seg_c3f672,10.306972397698296
seg_0d833c,8.436643070644802
seg_c522f8,7.993129995134142
seg_8f3247,7.461477438608806
seg_b58542,5.173946804470486
seg_590fa5,6.466074307759603
seg_4fce5b,4.759378247790867
seg_f60872,7.125882042778863
seg_613702,4.496199528376262
seg_f6b70c,7.7125244140625
seg_9626a4,2.529467291302151
seg_f073e2,5.015612019432916
seg_827c07,5.288472334543864
seg_b8725b,3.8532404634687634
seg_cc2c46,6.6844934357537165
seg_08fd5b,5.471813996632894
seg_9bee43,4.191653940412733
seg_ce72e2,4.349918789333767
seg_878d2c,11.622402720981174
seg_b7da0a,3.800961309009128
seg_d71352,11.085276391771105
seg_26049e,10.03433640797933
seg_0c12cc,9.397981643676758
seg_4d0041,8.690327061547173
seg_fb1f5c,8.041455427805582
seg_5e1bba,6.70133622487386
seg_bd6f5f,9.476083437601725
seg_9d1b26,4.355344666375054
seg_6b0107,7.265662670135498
seg_c6f533,5.218102640575832
seg_274a1a,6.167324384053548
seg_35ba8f,8.264112843407524
seg_56e3e7,10.848403506808811
seg_832a4d,4.588074366251628
seg_91eaeb,6.744594150119358
seg_beda44,6.938211705949572
seg_7120ac,6.169348239898682
seg_06b8c9,5.472538153330485
seg_15c9f9,3.24401593208313
seg_e96140,5.310357835557726
seg_9d452d,3.434844149483575
seg_8f5589,9.109066115485298
seg_bb6fcb,7.148332648807102
seg_7c0376,1.9072959820429485
seg_932828,8.968558841281467
seg_e8a4f4,5.763860967424181
seg_ae42b3,10.827570385403103
seg_7a521c,5.515156481001112
seg_a9f80e,8.814407348632812
seg_d1b91e,8.409486346774631
seg_9ddc99,5.472700119018555
seg_1f3d44,6.786643399132623
seg_5bfbf0,4.189326948589748
seg_4b953a,3.7724794811672635
seg_f19f8e,8.711023966471354
seg_e76e6e,3.865499046113756
seg_136285,6.026737054189046
seg_b80358,8.572562217712402
seg_f056d8,5.459058231777615
seg_a5f4dd,4.677385542127821
seg_247262,5.9767016834682885
seg_a05c22,4.13382273250156
seg_fa6383,7.27343946033054
seg_f0574b,5.24525785446167
seg_d6ea73,4.631548722585042
seg_9c3ef8,7.262304676903619
seg_36e32d,10.669514656066895
seg_9a1a4f,5.438567876815796
seg_161aeb,9.541429625617134
seg_65c4e1,7.4974255032009545
seg_137f8a,9.803643544514975
seg_1fa983,3.857901281780667
seg_8f25b0,9.482826550801596
seg_77c546,2.062860859764947
seg_5a1adb,5.337799655066596
seg_9d1dbe,9.336969163682726
seg_d89369,2.48504368464152
seg_70991d,6.667110443115234
seg_c87c24,6.014606051974827
seg_5c0929,4.746998998853895
seg_5d92af,7.773625002966987
seg_705463,3.6871796978844538
seg_130e17,3.6490012804667153
seg_6fc8b3,6.333816687266032
seg_32c904,8.07784366607666
seg_1b08a4,7.027505185869005
seg_477c83,4.799500253465441
seg_d62e9c,2.620526499218411
seg_b284b2,5.621134069230822
seg_1144bc,10.724352306789822
seg_6f60b2,3.611982266108195
seg_aeeb31,2.187206811375088
seg_59d484,5.511092980702718
seg_3d1cb3,6.087982813517253
seg_0e1fbe,5.342514673868815
seg_8a7201,4.335377905103895
seg_b80b89,6.076635996500651
seg_fb74f0,7.93620761235555
seg_c607eb,3.174344221750895
seg_bf4ec0,7.545906490749783
seg_27f532,9.752478705512154
seg_a2fd8b,4.6159042252434626
seg_53d818,3.8878258334265814
seg_da7c3b,7.822328567504883
seg_650de2,4.420425573984782
seg_c7a401,5.585115538703071
seg_691a72,6.250519858466254
seg_c901c0,4.9219748973846436
seg_922990,5.4117392963833275
seg_b20487,10.929907904730904
seg_616c8b,9.984322653876411
seg_bbfd4e,10.845416280958387
seg_57dd68,9.626686096191406
seg_a7561c,3.5580840375688343
seg_ea096b,10.70532258351644
seg_b57e76,6.363590187496609
seg_f8dd7e,5.911499712202284
seg_055127,7.050619284311931
seg_36147d,4.321013556586371
seg_53103b,2.9138923750983343
seg_7cbb45,4.677741236156887
seg_38ee24,6.066075325012207
seg_e9272e,4.868910789489746
seg_07f8df,4.520417239930895
seg_eacccf,5.600280284881592
seg_b4402d,11.083099365234375
seg_507065,3.8608636061350503
seg_1d980f,3.6948867903815374
seg_853302,7.704747782813178
seg_324537,5.346261448330349
seg_c94941,3.3654439714219837
seg_555f63,1.929392417271932
seg_76f76d,5.520381662580702
seg_5639b3,5.670441415574816
seg_3c3ddf,2.8510630395677357
seg_0aa0fb,6.27021418677436
seg_cfed24,3.1329230467478433
seg_9f12c6,4.197033060921563
seg_e7ced6,7.403952439626058
seg_7cd6b1,4.533903360366821
seg_b66b87,3.1406647894117565
seg_5ad847,4.369127247068617
seg_de225c,11.47355153825548
seg_9aa6e2,3.121268881691827
seg_dceeca,4.587696631749471
seg_f43730,6.820696830749512
seg_709d08,7.896320448981391
seg_38ad16,10.67050870259603
seg_98ebaa,11.325356059604221
seg_e9a09f,5.069291459189521
seg_f6f523,3.651659303241306
seg_74ffde,6.821600437164307
seg_09ed4e,9.170409679412842
seg_31ddc5,7.207283761766222
seg_cf74e8,2.519903024037679
seg_07fc6d,9.197014755672878
seg_136695,9.035947799682617
seg_b568c6,8.032316366831461
seg_ca2d1b,5.241380479600695
seg_e3dafa,10.11825450261434
seg_e48c23,7.012316438886854
seg_e47d2b,3.5664725568559437
seg_79c47a,4.021006875567966
seg_8658b3,7.34061951107449
seg_b63de1,3.017602894041273
seg_c17817,1.946769078572591
seg_c5c455,2.8511307107077704
seg_77ea14,5.760940021938747
seg_e2c82c,4.956011825137669
seg_4d18f4,3.287235736846924
seg_3c64fb,7.66940810945299
seg_037461,4.828291522132026
seg_8c6d4e,2.8550970024532742
